"OpisnyFormularIdentifikator","OpisnyFormularStav","OpisnyFormularNazov","OpisnyFormularKlucoveSlova","OpisnyFormularCpv","OpisnyFormularDruh","OpisnyFormularKategoriaSluzieb","OpisnyFormularUrl","OpisnyFormularPocetVyhlasenychZakaziek","OpisnyFormularObchodovanaSumaBezDPH",
"OF-201485","Po karanténe","Mimotelový obeh vrátane termoregulačnej jednotky","mimotelový obeh, termoregulačná jednotka, kardiochirurgia","33186000-7 Jednotky pre mimotelový obeh; 60000000-8 Dopravné služby (bez prepravy odpadu)","Tovar; Služba","","https://portal.eks.sk/SpravaKniznice/OpisneFormulareKniznice/VerejnyDetailOpisnehoFormularaKniznice/201485","0","0",
"OF-202155","Po karanténe","Traktor s príslušenstvom","traktor, traktorový hákový nosič, rezací a miešací voz, kontajner 5m3, kontajner 10m3","16700000-2 Traktory/ťahače; 43414000-8 Drviče; 34223000-6 Prívesy a návesy; 34928480-6 Kontajnery a nádoby na odpad a odpadky; 34223100-7 Návesy; 60000000-8 Dopravné služby (bez prepravy odpadu); 44613800-8 Kontajnery na odpadový materiál","Tovar; Služba","","https://portal.eks.sk/SpravaKniznice/OpisneFormulareKniznice/VerejnyDetailOpisnehoFormularaKniznice/202155","1","0",
"OF-207447","Po karanténe","Kancelárske potreby","perá, ceruzky, dierovače, gumy, hárky, záznamy,","30192000-1 Kancelárske potreby; 60000000-8 Dopravné služby (bez prepravy odpadu)","Tovar; Služba","","https://portal.eks.sk/SpravaKniznice/OpisneFormulareKniznice/VerejnyDetailOpisnehoFormularaKniznice/207447","0","0",
"OF-207846","Po karanténe","Parný sterilizátor","sterilizátor","33191100-6 Sterilizátory; 33191110-9 Autoklávy; 60000000-8 Dopravné služby (bez prepravy odpadu)","Tovar; Služba","","https://portal.eks.sk/SpravaKniznice/OpisneFormulareKniznice/VerejnyDetailOpisnehoFormularaKniznice/207846","0","0",
"OF-207980","Po karanténe","Chlieb, pečivo a pekárenské výrobky","Chlieb, rožky, vianočka, pečivo, sucháre, droždie, veka","15811100-7 Chlieb; 15811200-8 Rožky; 15612500-6 Pekárske výrobky; 15812100-4 Pečivo; 60000000-8 Dopravné služby (bez prepravy odpadu)","Tovar; Služba","","https://portal.eks.sk/SpravaKniznice/OpisneFormulareKniznice/VerejnyDetailOpisnehoFormularaKniznice/207980","1","0",
"OF-207995","Po karanténe","Koreniny, pochutiny, sušené bylinky","horčica, kečup, ocot, korenie, bujón","15870000-7 Koreniny a chuťové prísady; 15871250-1 Horčica; 15871230-5 Paradajkový kečup; 15871100-5 Ocot a jeho náhrady; 15872000-1 Bylinky a korenie; 15871270-7 Miešané korenisté zmesi; 15891500-5 Bujóny; 60000000-8 Dopravné služby (bez prepravy odpadu)","Tovar; Služba","","https://portal.eks.sk/SpravaKniznice/OpisneFormulareKniznice/VerejnyDetailOpisnehoFormularaKniznice/207995","1","0",
"OF-207999","Po karanténe","Tlačivá","tlačivá, tlačoviny","22000000-0 Tlačené výrobky a príbuzné produkty; 60000000-8 Dopravné služby (bez prepravy odpadu); 79810000-5 Tlačiarenské služby","Tovar; Služba","","https://portal.eks.sk/SpravaKniznice/OpisneFormulareKniznice/VerejnyDetailOpisnehoFormularaKniznice/207999","1","0",
"OF-208012","Po karanténe","Mäso a mäsové výrobky","Mäso a mäsové výrobky","15100000-9 Živočíšne výrobky, mäso a mäsové výrobky; 60000000-8 Dopravné služby (bez prepravy odpadu)","Tovar; Služba","","https://portal.eks.sk/SpravaKniznice/OpisneFormulareKniznice/VerejnyDetailOpisnehoFormularaKniznice/208012","1","0",
"OF-208035","Po karanténe","Dodanie kancelárskeho papiera a kancelárskych potrieb","kancelársky papier, kancelárske potreby, obálky","30197644-2 Xerografický papier; 30197620-8 Písací papier; 30197643-5 Papier na fotokopírovanie; 30199230-1 Obálky; 30192000-1 Kancelárske potreby; 30194500-0 Písacie pomôcky; 30197000-6 Drobné kancelárske vybavenie; 60000000-8 Dopravné služby (bez prepravy odpadu)","Tovar; Služba","","https://portal.eks.sk/SpravaKniznice/OpisneFormulareKniznice/VerejnyDetailOpisnehoFormularaKniznice/208035","1","0",
"OF-208039","Po karanténe","Stravné poukážky","stravné poukážky","30199770-8 Stravné poukážky; 60000000-8 Dopravné služby (bez prepravy odpadu)","Tovar; Služba","","https://portal.eks.sk/SpravaKniznice/OpisneFormulareKniznice/VerejnyDetailOpisnehoFormularaKniznice/208039","0","0",
"OF-208058","Po karanténe","Systém na hrudnú drenáž","hrudná drenáž trojkomorová, hrudná drenáž štvorkomorová, pasívna a aktívna drenáž, špeciálny zdravotnícky materiál","33100000-1 Zdravotnícke vybavenie; 33140000-3 Zdravotnícky spotrebný materiál; 33141600-6 Zberače a zberné vaky, drenáže a súpravy; 60000000-8 Dopravné služby (bez prepravy odpadu)","Tovar; Služba","","https://portal.eks.sk/SpravaKniznice/OpisneFormulareKniznice/VerejnyDetailOpisnehoFormularaKniznice/208058","0","0",
"OF-208061","Po karanténe","Zákusky","zákusky","15812200-5 Torty/zákusky; 60000000-8 Dopravné služby (bez prepravy odpadu)","Tovar; Služba","","https://portal.eks.sk/SpravaKniznice/OpisneFormulareKniznice/VerejnyDetailOpisnehoFormularaKniznice/208061","1","2508,500",
"OF-208066","Po karanténe","Čerstvé ovocie a zelenina","banány, broskyne, jablká, kapusta, kiwi, marhule, petržlen, pomaranče, mrkva, hrušky, zemiaky","03220000-9 Zelenina, ovocie a orechy; 03222111-4 Banány; 03222332-9 Broskyne; 03222340-8 Hrozno; 03222321-9 Jablká; 03221410-3 Kapusta; 03222240-7 Mandarínky; 03222331-2 Marhule; 03221112-4 Mrkva; 15872100-2 Paprika; 15331130-7 Fazuľa, hrach, paprika, paradajky a iná zelenina; 03222220-1 Pomaranče; 03221310-2 Hlávkový šalát; 03212100-1 Zemiaky; 60000000-8 Dopravné služby (bez prepravy odpadu)","Tovar; Služba","","https://portal.eks.sk/SpravaKniznice/OpisneFormulareKniznice/VerejnyDetailOpisnehoFormularaKniznice/208066","1","6600,000",
"OF-208091","Po karanténe","Stravné poukážky a ich dodanie do sídla objednávateľa","Stravné poukážky","30199770-8 Stravné poukážky; 60000000-8 Dopravné služby (bez prepravy odpadu)","Tovar; Služba","","https://portal.eks.sk/SpravaKniznice/OpisneFormulareKniznice/VerejnyDetailOpisnehoFormularaKniznice/208091","1","0",
"OF-208093","Po karanténe","Stravné poukážky","stravné poukážky, zabezpečenie stravovania zamestnancov","30199770-8 Stravné poukážky; 60000000-8 Dopravné služby (bez prepravy odpadu)","Tovar; Služba","","https://portal.eks.sk/SpravaKniznice/OpisneFormulareKniznice/VerejnyDetailOpisnehoFormularaKniznice/208093","0","0",
"OF-208094","Po karanténe","Šatňové skrine, šatňové lavičky","Kovové skrine do žiackych školských šatní, šatňové lavičky","39100000-3 Nábytok; 39150000-8 Rôzny nábytok a vybavenie; 39160000-1 Školský nábytok; 60000000-8 Dopravné služby (bez prepravy odpadu)","Tovar; Služba","","https://portal.eks.sk/SpravaKniznice/OpisneFormulareKniznice/VerejnyDetailOpisnehoFormularaKniznice/208094","1","0",
"OF-208099","Po karanténe","Náhradné diely na autobusy Sor NB12,NB18 - karoséria","Náhradné diely, autobus,Sor NB12,NB18,karoséria","34913000-0 Rôzne náhradné diely; 60000000-8 Dopravné služby (bez prepravy odpadu)","Tovar","","https://portal.eks.sk/SpravaKniznice/OpisneFormulareKniznice/VerejnyDetailOpisnehoFormularaKniznice/208099","1","1570,000",
"OF-208100","Po karanténe","Zabezpečenie prepravy osôb formou taxislužby","preprava,taxislužba","60100000-9 Služby cestnej dopravy; 60000000-8 Dopravné služby (bez prepravy odpadu)","Služba","","https://portal.eks.sk/SpravaKniznice/OpisneFormulareKniznice/VerejnyDetailOpisnehoFormularaKniznice/208100","1","4900,000",
"OF-208102","Po karanténe","Nákup reagencií pre biochemické analyzátory","reagencie, analyzátory","24300000-7 Základné anorganické a organické chemikálie","Tovar; Služba","","https://portal.eks.sk/SpravaKniznice/OpisneFormulareKniznice/VerejnyDetailOpisnehoFormularaKniznice/208102","1","0",
"OF-208103","Po karanténe","Rôzne potravinové výrobky","cukor, med, kakao, čaj, sirup","15131310-1 Paštéta; 15332410-1 Sušené ovocie; 15600000-4 Mlynské výrobky, škrob a škrobové výrobky; 15622000-4 Glukóza a glukózové výrobky; fruktóza a fruktózové výrobky; 15821000-9 Opekané chlebové výrobky a pečivo; 15830000-5 Cukor a jemu príbuzné výrobky; 15841000-5 Kakao; 15863000-5 Čaj; 15870000-7 Koreniny a chuťové prísady; 15981000-8 Minerálne vody; 60000000-8 Dopravné služby (bez prepravy odpadu)","Tovar; Služba","","https://portal.eks.sk/SpravaKniznice/OpisneFormulareKniznice/VerejnyDetailOpisnehoFormularaKniznice/208103","0","0",
"OF-208104","Po karanténe","""Časť 1: HP tonery-originál a iný spotrebný materiál""","Tonery","30125110-5 Toner do laserových tlačiarní/faxových prístrojov; 30125120-8 Toner do fotokopírovacích strojov; 90510000-5 Likvidácia a spracovanie odpadu; 60000000-8 Dopravné služby (bez prepravy odpadu)","Tovar; Služba","","https://portal.eks.sk/SpravaKniznice/OpisneFormulareKniznice/VerejnyDetailOpisnehoFormularaKniznice/208104","1","0",
"OF-208105","Po karanténe","""Časť 2: Canon tonery-originál a iný spotrebný materiál""","Tonery","30125110-5 Toner do laserových tlačiarní/faxových prístrojov; 30125120-8 Toner do fotokopírovacích strojov; 90510000-5 Likvidácia a spracovanie odpadu; 60000000-8 Dopravné služby (bez prepravy odpadu)","Tovar; Služba","","https://portal.eks.sk/SpravaKniznice/OpisneFormulareKniznice/VerejnyDetailOpisnehoFormularaKniznice/208105","1","0",
"OF-208106","Po karanténe","""Časť 3: Xerox tonery-originál a iný spotrebný materiál""","Tonery","30125110-5 Toner do laserových tlačiarní/faxových prístrojov; 30125120-8 Toner do fotokopírovacích strojov; 90510000-5 Likvidácia a spracovanie odpadu; 60000000-8 Dopravné služby (bez prepravy odpadu)","Tovar; Služba","","https://portal.eks.sk/SpravaKniznice/OpisneFormulareKniznice/VerejnyDetailOpisnehoFormularaKniznice/208106","1","0",
"OF-208107","Po karanténe","""Časť 4: Ostatné tonery-originál a iný spotrebný materiál""","Tonery","30125110-5 Toner do laserových tlačiarní/faxových prístrojov; 30125120-8 Toner do fotokopírovacích strojov; 90510000-5 Likvidácia a spracovanie odpadu; 60000000-8 Dopravné služby (bez prepravy odpadu)","Tovar; Služba","","https://portal.eks.sk/SpravaKniznice/OpisneFormulareKniznice/VerejnyDetailOpisnehoFormularaKniznice/208107","1","0",
"OF-208108","Po karanténe","Lieky ATC skupiny - B05BB01, B05BA03, B05BC01 - parent. chlorid sodný, glukóza, manitol","B05BB01, B05BA03, B05BC01, chlorid sodný, glukóza, manitol, infúzny roztok,fľaša, sklo","33620000-2 Liečivá pre krv, krvotvorné orgány a srdcovocievny systém; 60000000-8 Dopravné služby (bez prepravy odpadu)","Tovar; Služba","","https://portal.eks.sk/SpravaKniznice/OpisneFormulareKniznice/VerejnyDetailOpisnehoFormularaKniznice/208108","0","0",
"OF-208109","Po karanténe","Lieky ATC skupiny - B05BB01, B05BA03 - parent. chlorid sodný, glukóza","B05BB01, B05BA03, chlorid sodný, glukóza, infúzny roztok, PE fľaša, plastová fľaša","33620000-2 Liečivá pre krv, krvotvorné orgány a srdcovocievny systém; 60000000-8 Dopravné služby (bez prepravy odpadu)","Tovar; Služba","","https://portal.eks.sk/SpravaKniznice/OpisneFormulareKniznice/VerejnyDetailOpisnehoFormularaKniznice/208109","0","0",
"OF-208110","Po karanténe","Lieky ATC skupiny - B05BB01, B05BB02, B05BA03, B05BC01 - parent. chlorid sodný, chlorid sodný s glukózou, glukóza, manitol","B05BB01, B05BB02, B05BA03, B05BC01, chlorid sodný, glukóza, manitol, infúzny roztok, vak","33620000-2 Liečivá pre krv, krvotvorné orgány a srdcovocievny systém; 60000000-8 Dopravné služby (bez prepravy odpadu)","Tovar; Služba","","https://portal.eks.sk/SpravaKniznice/OpisneFormulareKniznice/VerejnyDetailOpisnehoFormularaKniznice/208110","0","0",
"OF-208111","Po karanténe","Stravné poukážky","Stravné poukážky, dodanie stravných poukážok","30199770-8 Stravné poukážky; 60000000-8 Dopravné služby (bez prepravy odpadu)","Tovar; Služba","","https://portal.eks.sk/SpravaKniznice/OpisneFormulareKniznice/VerejnyDetailOpisnehoFormularaKniznice/208111","1","0",
"OF-208112","Po karanténe","Zabezpečenie odborných učební v ZŠ - jazyky OF 2.1.2020","vybavenie, pomôcky, klientské stanice","39162200-7 Učebné pomôcky a zariadenia; 60000000-8 Dopravné služby (bez prepravy odpadu); 80531200-7 Technické školenia; 30237000-9 Časti a príslušenstvo počítačov a spotrebný materiál k nim; 51611000-8 Inštalácia počítačov; 51611100-9 Inštalácia technického vybavenia (hardvér) počítačov; 30200000-1 Počítačové zariadenia a spotrebný materiál","Tovar; Služba","","https://portal.eks.sk/SpravaKniznice/OpisneFormulareKniznice/VerejnyDetailOpisnehoFormularaKniznice/208112","1","0",
"OF-208113","Po karanténe","Dodávka tonerov do laserových a atramentových tlačiarní.","tonery,cartridge","30125100-2 Tonerové náplne; 30125110-5 Toner do laserových tlačiarní/faxových prístrojov; 30125120-8 Toner do fotokopírovacích strojov; 30192113-6 Atramentové náplne; 60000000-8 Dopravné služby (bez prepravy odpadu)","Tovar; Služba","","https://portal.eks.sk/SpravaKniznice/OpisneFormulareKniznice/VerejnyDetailOpisnehoFormularaKniznice/208113","0","0",
"OF-208114","Po karanténe","Batoh, sluchátka, tablet","batoh na notebook, bezdrôtové slúchadlá s mikrofónom, dotykový tablet","18931100-5 Batohy; 60000000-8 Dopravné služby (bez prepravy odpadu); 32342100-3 Slúchadlá; 30213200-7 Tabletový počítač","Tovar; Služba","","https://portal.eks.sk/SpravaKniznice/OpisneFormulareKniznice/VerejnyDetailOpisnehoFormularaKniznice/208114","1","210,160",
"OF-208115","Po karanténe","Rozbor bazénovej a pitnej vody","rozbor, vzorky, vody , pitná, bazénová, protokol, odber, piesok, odpadová, splašková","85111820-4 Služby týkajúce sa bakteriologického rozboru; 60000000-8 Dopravné služby (bez prepravy odpadu)","Služba","","https://portal.eks.sk/SpravaKniznice/OpisneFormulareKniznice/VerejnyDetailOpisnehoFormularaKniznice/208115","1","0",
"OF-208116","Po karanténe","papier na fotokopírovanie a xerografický papier","papier na fotokopírovanie a xerografický papier","30197642-8 Papier na fotokopírovanie a xerografický papier; 60000000-8 Dopravné služby (bez prepravy odpadu)","Tovar; Služba","","https://portal.eks.sk/SpravaKniznice/OpisneFormulareKniznice/VerejnyDetailOpisnehoFormularaKniznice/208116","0","0",
"OF-208117","Po karanténe","Stravné poukážky","Stravné poukážky, dodanie stravných poukážok","30199770-8 Stravné poukážky; 60000000-8 Dopravné služby (bez prepravy odpadu)","Tovar; Služba","","https://portal.eks.sk/SpravaKniznice/OpisneFormulareKniznice/VerejnyDetailOpisnehoFormularaKniznice/208117","0","0",
"OF-208118","Po karanténe","Renovované tonerové náplne do rôznych druhov laserových tlačiarní","toner, renovácia tonerov","30125110-5 Toner do laserových tlačiarní/faxových prístrojov; 30125100-2 Tonerové náplne; 60000000-8 Dopravné služby (bez prepravy odpadu)","Tovar; Služba","","https://portal.eks.sk/SpravaKniznice/OpisneFormulareKniznice/VerejnyDetailOpisnehoFormularaKniznice/208118","1","0",
"OF-208119","Po karanténe","Kancelársky papier","papier na písanie do tlačiarní, papier do fotokopírky, kancelárske potreby, písacie potreby","30192000-1 Kancelárske potreby; 30197620-8 Písací papier; 30197642-8 Papier na fotokopírovanie a xerografický papier; 30197643-5 Papier na fotokopírovanie; 60000000-8 Dopravné služby (bez prepravy odpadu)","Tovar; Služba","","https://portal.eks.sk/SpravaKniznice/OpisneFormulareKniznice/VerejnyDetailOpisnehoFormularaKniznice/208119","1","1059,170",
"OF-208120","Po karanténe","Kúpa motorového  vozidla   Opel Movano Combi","motorové","34100000-8 Motorové vozidlá; 60000000-8 Dopravné služby (bez prepravy odpadu)","Tovar; Služba","","https://portal.eks.sk/SpravaKniznice/OpisneFormulareKniznice/VerejnyDetailOpisnehoFormularaKniznice/208120","0","0",
"OF-208121","Po karanténe","Dodávka tonerov a spotrebného materiálu do kancelárskych zariadení 10","tonery, obrazový valec","30125110-5 Toner do laserových tlačiarní/faxových prístrojov; 30125100-2 Tonerové náplne; 60000000-8 Dopravné služby (bez prepravy odpadu)","Tovar; Služba","","https://portal.eks.sk/SpravaKniznice/OpisneFormulareKniznice/VerejnyDetailOpisnehoFormularaKniznice/208121","0","0",
"OF-208123","Po karanténe","Pekárske výrobky","pekárske výrobky, chlieb, grahamový chlieb, rožky, grahamové rožky, lekvárové šatôčky, tvarohové šatôčky,  makovky, lupačky, vianočka, závin, sendvič,","15811000-6 Pekársky tovar; 15811100-7 Chlieb; 15811200-8 Rožky; 60000000-8 Dopravné služby (bez prepravy odpadu)","Tovar; Služba","","https://portal.eks.sk/SpravaKniznice/OpisneFormulareKniznice/VerejnyDetailOpisnehoFormularaKniznice/208123","1","0",
"OF-208124","Po karanténe","Prenájom kontajnera a odvoz - likvidácia odpadu","piliny, hobliny, drevené odrezky, prenájom kontajnera","90513000-6 Služby na spracovanie a likvidáciu nie nebezpečného odpadu; 90512000-9 Služby na prepravu odpadu; 34928480-6 Kontajnery a nádoby na odpad a odpadky","Služba","","https://portal.eks.sk/SpravaKniznice/OpisneFormulareKniznice/VerejnyDetailOpisnehoFormularaKniznice/208124","1","0",
"OF-208125","Po karanténe","Nové motorové vozidlá","osobné motorové vozidlo","34115000-6 Iné osobné automobily; 60000000-8 Dopravné služby (bez prepravy odpadu)","Tovar; Služba","","https://portal.eks.sk/SpravaKniznice/OpisneFormulareKniznice/VerejnyDetailOpisnehoFormularaKniznice/208125","0","0",
"OF-208126","Po karanténe","OOPP ","čiapka, montérkové súpravy, chrániče sluchu, bundy, obuv, tričká, okuliare, rukavice, ochranný štít, vesty, zástery","18100000-0 Pracovné odevy, špeciálne pracovné odevy a doplnky; 18110000-3 Pracovné odevy; 18130000-9 Špeciálne pracovné odevy; 18830000-6 Ochranná obuv; 18230000-0 Rôzne zvršky; 18140000-2 Doplnky pracovných odevov; 60000000-8 Dopravné služby (bez prepravy odpadu)","Tovar; Služba","","https://portal.eks.sk/SpravaKniznice/OpisneFormulareKniznice/VerejnyDetailOpisnehoFormularaKniznice/208126","0","0",
"OF-208127","Po karanténe","Lieky ATC skupiny - B05BA02 - Tukové emulzie 200 mg/ml (20%)","B05BA02, tukové emulzie, Lipoplus","33620000-2 Liečivá pre krv, krvotvorné orgány a srdcovocievny systém; 60000000-8 Dopravné služby (bez prepravy odpadu)","Tovar; Služba","","https://portal.eks.sk/SpravaKniznice/OpisneFormulareKniznice/VerejnyDetailOpisnehoFormularaKniznice/208127","0","0",
"OF-208129","Po karanténe","Nákup stravných poukážok a stravovacích kariet","stravná poukážka, stravovacia karta","30199770-8 Stravné poukážky; 60000000-8 Dopravné služby (bez prepravy odpadu)","Tovar; Služba","","https://portal.eks.sk/SpravaKniznice/OpisneFormulareKniznice/VerejnyDetailOpisnehoFormularaKniznice/208129","0","0",
"OF-208131","Po karanténe","Dodávka elektriny","elektrina","09310000-5 Elektrická energia; 60000000-8 Dopravné služby (bez prepravy odpadu)","Tovar; Služba","","https://portal.eks.sk/SpravaKniznice/OpisneFormulareKniznice/VerejnyDetailOpisnehoFormularaKniznice/208131","0","0",
"OF-208133","Po karanténe","Stravné poukážky ","stravné poukážky, dodanie stravných poukážok, zabezpečenie stravovania v zmluvných stravovacích zariadeniach","30199770-8 Stravné poukážky; 55520000-1 Služby hromadného stravovania; 60000000-8 Dopravné služby (bez prepravy odpadu)","Tovar; Služba","","https://portal.eks.sk/SpravaKniznice/OpisneFormulareKniznice/VerejnyDetailOpisnehoFormularaKniznice/208133","1","0",
"OF-208134","Po karanténe","Akumulátory ","akumulátory","31431000-6 Olovené akumulátory; 60000000-8 Dopravné služby (bez prepravy odpadu)","Tovar; Služba","","https://portal.eks.sk/SpravaKniznice/OpisneFormulareKniznice/VerejnyDetailOpisnehoFormularaKniznice/208134","1","0",
"OF-208136","Po karanténe","Tonery do multifunkčného zariadenia Ricoh C 5200","toner","30125100-2 Tonerové náplne; 60000000-8 Dopravné služby (bez prepravy odpadu)","Tovar; Služba","","https://portal.eks.sk/SpravaKniznice/OpisneFormulareKniznice/VerejnyDetailOpisnehoFormularaKniznice/208136","0","0",
"OF-208137","Po karanténe","Skúšky dlhodobej stability","Skúšky dlhodobej stability","90721600-3 Služby na ochranu pred žiarením; 60000000-8 Dopravné služby (bez prepravy odpadu)","Služba","","https://portal.eks.sk/SpravaKniznice/OpisneFormulareKniznice/VerejnyDetailOpisnehoFormularaKniznice/208137","1","0",
"OF-208142","Po karanténe","Tlač novín","tlač, noviny","79810000-5 Tlačiarenské služby; 79823000-9 Tlačiarenské a doručovateľské služby; 60000000-8 Dopravné služby (bez prepravy odpadu); 79920000-9 Balenie a súvisiace služby","Služba","","https://portal.eks.sk/SpravaKniznice/OpisneFormulareKniznice/VerejnyDetailOpisnehoFormularaKniznice/208142","0","0",
"OF-208143","Po karanténe","Pneumatiky , disky  kola","pneumatiky pre nákladné motorové vozidlá","34351100-3 Pneumatiky pre motorové vozidlá; 60100000-9 Služby cestnej dopravy; 90500000-2 Služby súvisiace s likvidáciou odpadu a odpadom","Tovar; Služba","","https://portal.eks.sk/SpravaKniznice/OpisneFormulareKniznice/VerejnyDetailOpisnehoFormularaKniznice/208143","1","0",
"OF-208144","Po karanténe","Dokovacia stanica do prostredia MRI","Dokovacia stanica MRI, MRI, infúzna technika, Space","33194100-7 Prístroje a nástroje na infúziu; 60000000-8 Dopravné služby (bez prepravy odpadu)","Tovar; Služba","","https://portal.eks.sk/SpravaKniznice/OpisneFormulareKniznice/VerejnyDetailOpisnehoFormularaKniznice/208144","0","0",
"OF-208145","Po karanténe","Odvoz a likvidácia kuchynského odpadu ","odlučovač tukov, lapač tukov, odvoz, likvidácia","90500000-2 Služby súvisiace s likvidáciou odpadu a odpadom; 90512000-9 Služby na prepravu odpadu; 90513000-6 Služby na spracovanie a likvidáciu nie nebezpečného odpadu; 90510000-5 Likvidácia a spracovanie odpadu","Služba","","https://portal.eks.sk/SpravaKniznice/OpisneFormulareKniznice/VerejnyDetailOpisnehoFormularaKniznice/208145","0","0",
"OF-208146","Po karanténe","Kúpa motorového  vozidla   Opel Movano Combi","motorové","34100000-8 Motorové vozidlá; 60000000-8 Dopravné služby (bez prepravy odpadu)","Tovar; Služba","","https://portal.eks.sk/SpravaKniznice/OpisneFormulareKniznice/VerejnyDetailOpisnehoFormularaKniznice/208146","1","0",
"OF-208147","Po karanténe","Medicinálne a technické plyny","medicinálne plyny, technické plyny, špeciálne plyny, medicinálny kyslík, nájom týchto fliaš a zásobovacej stanice","24111500-0 Lekárske plyny; 24100000-5 Plyny; 24110000-8 Technické plyny; 60000000-8 Dopravné služby (bez prepravy odpadu); 44612000-3 Kontajnery na skvapalnené plyny","Tovar; Služba","","https://portal.eks.sk/SpravaKniznice/OpisneFormulareKniznice/VerejnyDetailOpisnehoFormularaKniznice/208147","0","0",
"OF-208148","Po karanténe","Počítačové zariadenia a spotrebný materiál","počítač, disk, usb, myš, klávesnica","39133000-3 Zobrazovacie jednotky; 60000000-8 Dopravné služby (bez prepravy odpadu)","Tovar; Služba","","https://portal.eks.sk/SpravaKniznice/OpisneFormulareKniznice/VerejnyDetailOpisnehoFormularaKniznice/208148","0","0",
"OF-208149","Po karanténe","Pekárské a cukrárske výrobky","zmes na pečenie, zmes na pečenie perníkov","15612420-1 Pekárske zmesi; 15612400-5 Zmesi na prípravu pekárskych výrobkov; 60000000-8 Dopravné služby (bez prepravy odpadu)","Tovar; Služba","","https://portal.eks.sk/SpravaKniznice/OpisneFormulareKniznice/VerejnyDetailOpisnehoFormularaKniznice/208149","1","0",
"OF-208150","Po karanténe","Dodávka elektrickej energie","elektrická energia","09310000-5 Elektrická energia","Tovar; Služba","","https://portal.eks.sk/SpravaKniznice/OpisneFormulareKniznice/VerejnyDetailOpisnehoFormularaKniznice/208150","0","0",
"OF-208151","Po karanténe","Obstaranie vnútorného vybavenia materskej školy","kancelársky nábytok, skriňa, stôl, detské postele, koberec,hracie kútiky, stoličky","39130000-2 Kancelársky nábytok; 39161000-8 Nábytok pre materské školy; 39150000-8 Rôzny nábytok a vybavenie; 60000000-8 Dopravné služby (bez prepravy odpadu); 37521000-6 Hudobné nástroje ako hračky","Tovar; Služba","","https://portal.eks.sk/SpravaKniznice/OpisneFormulareKniznice/VerejnyDetailOpisnehoFormularaKniznice/208151","1","0",
"OF-208152","Po karanténe","Stravné poukážky","stravné poukážky, zabezpečenie stravovania zamestnancov","30199770-8 Stravné poukážky; 60000000-8 Dopravné služby (bez prepravy odpadu)","Tovar; Služba","","https://portal.eks.sk/SpravaKniznice/OpisneFormulareKniznice/VerejnyDetailOpisnehoFormularaKniznice/208152","1","0",
"OF-208153","Po karanténe","Dodávka zemného plynu","Zemný plyn","09123000-7 Zemný plyn","Tovar; Služba","","https://portal.eks.sk/SpravaKniznice/OpisneFormulareKniznice/VerejnyDetailOpisnehoFormularaKniznice/208153","0","0",
"OF-208154","Po karanténe","Nápoje","čaj ovocný, čaj čierny, citrónová šťava - koncentrát","15980000-1 Nealkoholické nápoje; 60000000-8 Dopravné služby (bez prepravy odpadu)","Tovar; Služba","","https://portal.eks.sk/SpravaKniznice/OpisneFormulareKniznice/VerejnyDetailOpisnehoFormularaKniznice/208154","1","0",
"OF-208155","Po karanténe","Nákup IT vybavenia pre školský internát","prenosný počítač, počítačová laserová myš, tlačiareň multifunkčná laserová ČB, usb 32gb, usb hub 2.0","30213100-6 Prenosné počítače; 30237410-6 Počítačová myš; 30237480-7 Vstupné jednotky; 42991000-9 Papierenské, tlačiarenské a kníhviazačské strojové zariadenia a ich časti; 60000000-8 Dopravné služby (bez prepravy odpadu)","Tovar; Služba","","https://portal.eks.sk/SpravaKniznice/OpisneFormulareKniznice/VerejnyDetailOpisnehoFormularaKniznice/208155","1","0",
"OF-208156","Po karanténe","Odborný dozor nízkotlakovej plynovej kotolne V. triedy ","odborný dozor, plynová kotolňa","65200000-5 Rozvod plynu a súvisiace služby; 71631000-0 Technické inšpekčné služby; 60000000-8 Dopravné služby (bez prepravy odpadu)","Služba","","https://portal.eks.sk/SpravaKniznice/OpisneFormulareKniznice/VerejnyDetailOpisnehoFormularaKniznice/208156","1","0",
"OF-208157","Po karanténe","Nemrazené polotovary","polievka, omáčka, dehydratovaný výrobok, zemiaková kaša sušená, zemiakový škrob","15891410-7 Polievkové zmesi; 15871260-4 Omáčky; 60000000-8 Dopravné služby (bez prepravy odpadu); 15312100-9 Instantná zemiaková kaša; 15623000-1 Škroby","Tovar; Služba","","https://portal.eks.sk/SpravaKniznice/OpisneFormulareKniznice/VerejnyDetailOpisnehoFormularaKniznice/208157","0","0",
"OF-208159","Po karanténe","Zabezpečenie hromadného stravovania","stravovacie poukážky, stravné poukážky, stravné lístky, stravenky","30199770-8 Stravné poukážky; 60000000-8 Dopravné služby (bez prepravy odpadu)","Tovar; Služba","","https://portal.eks.sk/SpravaKniznice/OpisneFormulareKniznice/VerejnyDetailOpisnehoFormularaKniznice/208159","1","0",
"OF-208162","Po karanténe","Spracovanie zeleného biologicky rozložiteľného odpadu","zelený biologicky rozložiteľný odpad, zberňa, spracovanie","90510000-5 Likvidácia a spracovanie odpadu","Služba","","https://portal.eks.sk/SpravaKniznice/OpisneFormulareKniznice/VerejnyDetailOpisnehoFormularaKniznice/208162","0","0",
"OF-208163","Po karanténe","Letné pneumatiky Kleber","Letné pneumatiky Kleber","34351100-3 Pneumatiky pre motorové vozidlá; 60000000-8 Dopravné služby (bez prepravy odpadu)","Tovar; Služba","","https://portal.eks.sk/SpravaKniznice/OpisneFormulareKniznice/VerejnyDetailOpisnehoFormularaKniznice/208163","0","0",
"OF-208164","Po karanténe","Stolársky materiál","Stolársky materiál, drevotriesková doska, lepidlo","44220000-8 Výrobky stavebného stolárstva; 44191300-8 Drevotriesková doska; 44191200-7 Laminované drevo; 60000000-8 Dopravné služby (bez prepravy odpadu)","Tovar; Služba","","https://portal.eks.sk/SpravaKniznice/OpisneFormulareKniznice/VerejnyDetailOpisnehoFormularaKniznice/208164","1","0",
"OF-208165","Po karanténe","Nákup 30ks SSD diskov","SSD disky","30234600-4 Flash pamäť; 60000000-8 Dopravné služby (bez prepravy odpadu)","Tovar","","https://portal.eks.sk/SpravaKniznice/OpisneFormulareKniznice/VerejnyDetailOpisnehoFormularaKniznice/208165","0","0",
"OF-208166","Po karanténe","Obväzy elastické a obväzy hydrofilné","obväzy, zdravotnícky, pomôcky, materiál","33141110-4 Chirurgické obväzy; 60000000-8 Dopravné služby (bez prepravy odpadu)","Tovar; Služba","","https://portal.eks.sk/SpravaKniznice/OpisneFormulareKniznice/VerejnyDetailOpisnehoFormularaKniznice/208166","1","0",
"OF-208167","Po karanténe","Obväz sádrový","obväz, ošetrenie, zdravotnícka pomôcka","33141110-4 Chirurgické obväzy; 60000000-8 Dopravné služby (bez prepravy odpadu)","Tovar; Služba","","https://portal.eks.sk/SpravaKniznice/OpisneFormulareKniznice/VerejnyDetailOpisnehoFormularaKniznice/208167","1","0",
"OF-208168","Po karanténe","Obväz hadicový - pruban","obväz, ošetrenie, zdravotnícka pomôcka","33141116-6 Balíky obväzov; 60000000-8 Dopravné služby (bez prepravy odpadu)","Tovar; Služba","","https://portal.eks.sk/SpravaKniznice/OpisneFormulareKniznice/VerejnyDetailOpisnehoFormularaKniznice/208168","1","0",
"OF-208169","Po karanténe","Stravné poukážky","stravné poukážky, stravné lístky, dodanie stravných lístkov, jedálny kupón","30199770-8 Stravné poukážky; 60000000-8 Dopravné služby (bez prepravy odpadu)","Tovar; Služba","","https://portal.eks.sk/SpravaKniznice/OpisneFormulareKniznice/VerejnyDetailOpisnehoFormularaKniznice/208169","0","0",
"OF-208170","Po karanténe","Biologické aortálne chlopne  s  príslušenstvom","aorta, chlopňa, hovädzí perikard, kardiochirurgia","33182220-7 Srdcové chlopne; 60000000-8 Dopravné služby (bez prepravy odpadu)","Tovar; Služba","","https://portal.eks.sk/SpravaKniznice/OpisneFormulareKniznice/VerejnyDetailOpisnehoFormularaKniznice/208170","0","0",
"OF-208172","Po karanténe","Anestéziologický prístroj","anestéziologický prístroj, anestézia, podávanie inhalačných anestetík","33172100-7 Prístroje na anestéziu","Tovar; Služba","","https://portal.eks.sk/SpravaKniznice/OpisneFormulareKniznice/VerejnyDetailOpisnehoFormularaKniznice/208172","0","0",
"OF-208174","Po karanténe","Darčekové poukážky","darčeková poukážka","30199750-2 Poukážky; 60000000-8 Dopravné služby (bez prepravy odpadu)","Tovar; Služba","","https://portal.eks.sk/SpravaKniznice/OpisneFormulareKniznice/VerejnyDetailOpisnehoFormularaKniznice/208174","1","0",
"OF-208175","Po karanténe","Špeciálny pracovný stroj AEBI MT 750 4x4 alebo ekvivalent ","Špeciálny pracovný stroj, trojstranný sklápač, posýpacia nadstavba, snehová radlica","34114000-9 Špeciálne vozidlá; 60000000-8 Dopravné služby (bez prepravy odpadu)","Tovar; Služba","","https://portal.eks.sk/SpravaKniznice/OpisneFormulareKniznice/VerejnyDetailOpisnehoFormularaKniznice/208175","0","0",
"OF-208176","Po karanténe","Náhradné diely na autobusy Citelis - hnacie ústrojenstvo","Náhradné diely, autobus, Citelis, hnacie ústrojenstvo","34913000-0 Rôzne náhradné diely; 60000000-8 Dopravné služby (bez prepravy odpadu)","Tovar","","https://portal.eks.sk/SpravaKniznice/OpisneFormulareKniznice/VerejnyDetailOpisnehoFormularaKniznice/208176","1","0",
"OF-208177","Po karanténe","Náhradné diely na autobusy Citelis - hnacie ústrojenstvo","Náhradné diely, autobus, Citelis, hnacie ústrojenstvo","34913000-0 Rôzne náhradné diely; 60000000-8 Dopravné služby (bez prepravy odpadu)","Tovar","","https://portal.eks.sk/SpravaKniznice/OpisneFormulareKniznice/VerejnyDetailOpisnehoFormularaKniznice/208177","1","0",
"OF-208178","Po karanténe","Náhradné diely na autobusy Citelis - podvozok","Náhradné diely, autobus, Citelis, podvozok","34913000-0 Rôzne náhradné diely; 60000000-8 Dopravné služby (bez prepravy odpadu)","Tovar","","https://portal.eks.sk/SpravaKniznice/OpisneFormulareKniznice/VerejnyDetailOpisnehoFormularaKniznice/208178","0","0",
"OF-208179","Po karanténe","Náhradné diely na autobusy Solaris U15 - podvozok strmene","Náhradné diely, autobus,Solaris U15,podvozok strmene","34913000-0 Rôzne náhradné diely; 60000000-8 Dopravné služby (bez prepravy odpadu)","Tovar","","https://portal.eks.sk/SpravaKniznice/OpisneFormulareKniznice/VerejnyDetailOpisnehoFormularaKniznice/208179","1","0",
"OF-208180","Po karanténe","Náhradné diely na autobusy Citelis - kúrenie Webasto","Náhradné diely, autobus, Citelis, kúrenie Webasto","34913000-0 Rôzne náhradné diely; 60000000-8 Dopravné služby (bez prepravy odpadu)","Tovar","","https://portal.eks.sk/SpravaKniznice/OpisneFormulareKniznice/VerejnyDetailOpisnehoFormularaKniznice/208180","1","0",
"OF-208182","Po karanténe","Náhradné diely na autobusy Solaris - kúrenie Eberspächer","Náhradné diely, autobus, Solaris, kúrenie Eberspächer","34913000-0 Rôzne náhradné diely; 60000000-8 Dopravné služby (bez prepravy odpadu)","Tovar","","https://portal.eks.sk/SpravaKniznice/OpisneFormulareKniznice/VerejnyDetailOpisnehoFormularaKniznice/208182","1","0",
"OF-208183","Po karanténe","Výbojky pre svietidlá verejného osvetlenia","Výbojky pre svietidlá verejného osvetlenia","31514000-2 Výbojky; 60000000-8 Dopravné služby (bez prepravy odpadu)","Tovar; Služba","","https://portal.eks.sk/SpravaKniznice/OpisneFormulareKniznice/VerejnyDetailOpisnehoFormularaKniznice/208183","0","0",
"OF-208184","Po karanténe","Náhradné diely na autobusy Solaris U15 - elektro","Náhradné diely, autobus,Solaris U15,elektro","34913000-0 Rôzne náhradné diely; 60000000-8 Dopravné služby (bez prepravy odpadu)","Tovar","","https://portal.eks.sk/SpravaKniznice/OpisneFormulareKniznice/VerejnyDetailOpisnehoFormularaKniznice/208184","0","0",
"OF-208185","Po karanténe","Náhradné diely na autobusy Sor NB12,NB18 - kúrenie Webasto","Náhradné diely, autobus,Sor NB12,NB18,kúrenie Webasto","34913000-0 Rôzne náhradné diely; 60000000-8 Dopravné služby (bez prepravy odpadu)","Tovar","","https://portal.eks.sk/SpravaKniznice/OpisneFormulareKniznice/VerejnyDetailOpisnehoFormularaKniznice/208185","1","0",
"OF-208186","Po karanténe","Školský nábytok","Školské lavice, stoličky","39160000-1 Školský nábytok; 60000000-8 Dopravné služby (bez prepravy odpadu)","Tovar; Služba","","https://portal.eks.sk/SpravaKniznice/OpisneFormulareKniznice/VerejnyDetailOpisnehoFormularaKniznice/208186","0","0",
"OF-208188","Po karanténe","Darčekové poukážky 2020","poukážky, darček, darčekové poukážky pre zamestnancov, darčeková poukážka","30199750-2 Poukážky; 60000000-8 Dopravné služby (bez prepravy odpadu)","Tovar; Služba","","https://portal.eks.sk/SpravaKniznice/OpisneFormulareKniznice/VerejnyDetailOpisnehoFormularaKniznice/208188","0","0",
"OF-208189","Po karanténe","Dopravné značky a príslušenstvo","dopravné značky, dopravné zariadenie, príslušenstvo","34992200-9 Dopravné značky; 34920000-2 Cestné príslušenstvo; 60000000-8 Dopravné služby (bez prepravy odpadu)","Tovar; Služba","","https://portal.eks.sk/SpravaKniznice/OpisneFormulareKniznice/VerejnyDetailOpisnehoFormularaKniznice/208189","0","0",
"OF-208190","Po karanténe","Čistiace a hygienické výrobky","čistiace výrobky, hygienické výrobky","39830000-9 Čistiace výrobky; 60000000-8 Dopravné služby (bez prepravy odpadu); 33760000-5 Toaletný papier, vreckovky, uteráky na ruky a servítky","Tovar; Služba","","https://portal.eks.sk/SpravaKniznice/OpisneFormulareKniznice/VerejnyDetailOpisnehoFormularaKniznice/208190","0","0",
"OF-208192","Po karanténe","Kancelárske potreby 2020","Kancelárske potreby, kancelársky papier, papier na fotokopírovanie","30199230-1 Obálky; 30197000-6 Drobné kancelárske vybavenie; 30197642-8 Papier na fotokopírovanie a xerografický papier; 30197643-5 Papier na fotokopírovanie; 60000000-8 Dopravné služby (bez prepravy odpadu)","Tovar; Služba","","https://portal.eks.sk/SpravaKniznice/OpisneFormulareKniznice/VerejnyDetailOpisnehoFormularaKniznice/208192","0","0",
"OF-208193","Po karanténe","Chladiaci/mraziaci box pre laboratórne účely","Hlbokomraziaci box,  Hlbokomraziaci box duálny","38000000-5 Laboratórne, optické a presné prístroje a vybavenie (s výnimkou skiel); 60000000-8 Dopravné služby (bez prepravy odpadu)","Tovar; Služba","","https://portal.eks.sk/SpravaKniznice/OpisneFormulareKniznice/VerejnyDetailOpisnehoFormularaKniznice/208193","0","0",
"OF-208194","Po karanténe","Zber, odvoz a zneškodnenie biologicky rozložiteľného kuchynského odpadu","kuchynský odpad, zber, odvoz, likvidácia, biologicky rozložiteľný, zmesi tukov a olejov","90510000-5 Likvidácia a spracovanie odpadu; 90512000-9 Služby na prepravu odpadu; 90500000-2 Služby súvisiace s likvidáciou odpadu a odpadom; 90511000-2 Služby na zber odpadu","Služba","","https://portal.eks.sk/SpravaKniznice/OpisneFormulareKniznice/VerejnyDetailOpisnehoFormularaKniznice/208194","0","0",
"OF-208195","Po karanténe","Originálne tonery","tlač, fotokopírovanie, skenovanie, kopírovanie, tonery","30125100-2 Tonerové náplne; 30125120-8 Toner do fotokopírovacích strojov; 30125110-5 Toner do laserových tlačiarní/faxových prístrojov; 60000000-8 Dopravné služby (bez prepravy odpadu)","Tovar; Služba","","https://portal.eks.sk/SpravaKniznice/OpisneFormulareKniznice/VerejnyDetailOpisnehoFormularaKniznice/208195","0","0",
"OF-208196","Po karanténe","Pneumatiky na SUV vozidlá  ","pneumatiky, osobné vozidlá, SUV vozidlá","34351100-3 Pneumatiky pre motorové vozidlá; 60000000-8 Dopravné služby (bez prepravy odpadu)","Tovar; Služba","","https://portal.eks.sk/SpravaKniznice/OpisneFormulareKniznice/VerejnyDetailOpisnehoFormularaKniznice/208196","1","0",
"OF-208197","Po karanténe","Počítačové zariadenia a spotrebný materiál","počítač, disk, usb, myš, klávesnica","39133000-3 Zobrazovacie jednotky; 60000000-8 Dopravné služby (bez prepravy odpadu)","Tovar; Služba","","https://portal.eks.sk/SpravaKniznice/OpisneFormulareKniznice/VerejnyDetailOpisnehoFormularaKniznice/208197","0","0",
"OF-208199","Po karanténe","Syrárske výrobky","syr, tvrdý, udený, tavený, bryndza, roztierateľný","15540000-5 Syrárske výrobky; 60000000-8 Dopravné služby (bez prepravy odpadu)","Tovar; Služba","","https://portal.eks.sk/SpravaKniznice/OpisneFormulareKniznice/VerejnyDetailOpisnehoFormularaKniznice/208199","0","0",
"OF-208200","Po karanténe","Lenovo Yoga C740-14IML Mica alebo ekvivalent","notebook, prenosný počítač, Lenovo Yoga C740-14IML Mica","30213100-6 Prenosné počítače; 60000000-8 Dopravné služby (bez prepravy odpadu)","Tovar; Služba","","https://portal.eks.sk/SpravaKniznice/OpisneFormulareKniznice/VerejnyDetailOpisnehoFormularaKniznice/208200","0","0",
"OF-208204","Po karanténe","Zabezpečenie stravovania zamestnancov prostredníctvom stravných poukážok na rok 2020","stravné poukážky","30199770-8 Stravné poukážky; 60000000-8 Dopravné služby (bez prepravy odpadu); 55520000-1 Služby hromadného stravovania","Tovar; Služba","","https://portal.eks.sk/SpravaKniznice/OpisneFormulareKniznice/VerejnyDetailOpisnehoFormularaKniznice/208204","0","0",
"OF-208205","Po karanténe","Zabezpečovanie sprostredkovaného stravovania zamestnancov prostredníctvom stravovacích poukážok 2020","Stravné poukážky, dodanie stravných poukážok, zabezpečenie stravovania v zmluvných stravovacích zariadeniach","55520000-1 Služby hromadného stravovania; 30199770-8 Stravné poukážky; 60000000-8 Dopravné služby (bez prepravy odpadu)","Služba","","https://portal.eks.sk/SpravaKniznice/OpisneFormulareKniznice/VerejnyDetailOpisnehoFormularaKniznice/208205","0","0",
"OF-208209","Po karanténe","Mrazené ryby","Mrazené ryby","15221000-3 Mrazené ryby; 60000000-8 Dopravné služby (bez prepravy odpadu)","Tovar; Služba","","https://portal.eks.sk/SpravaKniznice/OpisneFormulareKniznice/VerejnyDetailOpisnehoFormularaKniznice/208209","0","0",
"OF-208210","Po karanténe","PRENOSNÝ ULTRAZVUKOVÝ PRÍSTROJ ","ultrazvukový prístroj, sonograf, ultrazvuk, diagnostický ultrazvuk, sonda, diagnostika,","33124100-6 Diagnostické prístroje; 33124120-2 Diagnostické ultrazvukové prístroje; 33112300-1 Ultrazvukový skener; 60000000-8 Dopravné služby (bez prepravy odpadu)","Tovar; Služba","","https://portal.eks.sk/SpravaKniznice/OpisneFormulareKniznice/VerejnyDetailOpisnehoFormularaKniznice/208210","0","0",
"OF-208211","Po karanténe","Pľúcne ventilátory na dlhodobú riadenú aj podpornú pľúcnu ventiláciu pacienta  ","Zdravotnícke prístroje, ventilátor na umelú ventiláciu pľúc, transportný ventilátor, univerzálny dýchací prístroj, servoventilátor","33157400-9 Lekárske dýchacie prístroje; 60000000-8 Dopravné služby (bez prepravy odpadu); 51410000-9 Inštalácia lekárskych zariadení","Tovar; Služba","","https://portal.eks.sk/SpravaKniznice/OpisneFormulareKniznice/VerejnyDetailOpisnehoFormularaKniznice/208211","0","0",
"OF-208212","Po karanténe","Dodávka elektrickej energie","elektrická energia","09310000-5 Elektrická energia","Tovar; Služba","","https://portal.eks.sk/SpravaKniznice/OpisneFormulareKniznice/VerejnyDetailOpisnehoFormularaKniznice/208212","0","0",
"OF-208213","Po karanténe","Tonerové náplne do laserových tlačiarní - originál","Tonerové náplne, toner do laserových tlačiarní","30125100-2 Tonerové náplne; 30125110-5 Toner do laserových tlačiarní/faxových prístrojov; 60000000-8 Dopravné služby (bez prepravy odpadu)","Tovar; Služba","","https://portal.eks.sk/SpravaKniznice/OpisneFormulareKniznice/VerejnyDetailOpisnehoFormularaKniznice/208213","0","0",
"OF-208215","Po karanténe","Kúpa nového osobného motorového vozidla","Osobný automobil, automobil, kategória M1","34100000-8 Motorové vozidlá; 34110000-1 Osobné automobily; 60000000-8 Dopravné služby (bez prepravy odpadu)","Tovar; Služba","","https://portal.eks.sk/SpravaKniznice/OpisneFormulareKniznice/VerejnyDetailOpisnehoFormularaKniznice/208215","0","0",
"OF-208216","Po karanténe","Náhradné diely na autobusy Sor NB12,NB18 - karoséria","Náhradné diely, autobus,Sor NB12,NB18,karoséria","34913000-0 Rôzne náhradné diely; 60000000-8 Dopravné služby (bez prepravy odpadu)","Tovar","","https://portal.eks.sk/SpravaKniznice/OpisneFormulareKniznice/VerejnyDetailOpisnehoFormularaKniznice/208216","0","0",
"OF-208217","Po karanténe","Náhradné diely na Sor NB12,NB18 - elektro","Náhradné diely, autobus,Sor,elektro","34913000-0 Rôzne náhradné diely; 60000000-8 Dopravné služby (bez prepravy odpadu)","Tovar","","https://portal.eks.sk/SpravaKniznice/OpisneFormulareKniznice/VerejnyDetailOpisnehoFormularaKniznice/208217","0","0",
"OF-208220","Po karanténe","Náhradné diely na autobusy Sor NB12,NB18 - podvozok strmene","Náhradné diely, autobus, Sor NB12,NB18,podvozok strmene","34913000-0 Rôzne náhradné diely; 60000000-8 Dopravné služby (bez prepravy odpadu)","Tovar","","https://portal.eks.sk/SpravaKniznice/OpisneFormulareKniznice/VerejnyDetailOpisnehoFormularaKniznice/208220","0","0",
"OF-208221","Po karanténe","Náhradné diely na autobusy Sor NB12,NB18 - podvozok","Náhradné diely, autobus,Sor NB12,NB18,podvozok","34913000-0 Rôzne náhradné diely; 60000000-8 Dopravné služby (bez prepravy odpadu)","Tovar","","https://portal.eks.sk/SpravaKniznice/OpisneFormulareKniznice/VerejnyDetailOpisnehoFormularaKniznice/208221","0","0",
"OF-208223","Po karanténe","Náhradné diely na autobusy - hadice,spony,kolená,pásky","Náhradné diely, autobus,hadice,spony,kolená,pásky","44160000-9 Diaľkové potrubia, potrubia, rúry, obalenie/obloženie, kladenie a podobné prvky; 44530000-4 Upínadlá/spony; 34900000-6 Rôzne dopravné zariadenia a náhradné diely; 60000000-8 Dopravné služby (bez prepravy odpadu); 34300000-0 Časti a príslušenstvo vozidiel a ich motorov; 44163000-0 Rúrky a príslušenstvo (spojky); 44165000-4 Hadice, stúpacie potrubia a objímky; 44167000-8 Rôzne príslušenstvo na trubice","Tovar","","https://portal.eks.sk/SpravaKniznice/OpisneFormulareKniznice/VerejnyDetailOpisnehoFormularaKniznice/208223","0","0",
"OF-208224","Po karanténe","certifikovaný pracovný odev a pracovná obuv","certifikovaný pracovný odev a pracovná obuv","18221000-4 Nepremokavé odevy; 18110000-3 Pracovné odevy; 18830000-6 Ochranná obuv; 60000000-8 Dopravné služby (bez prepravy odpadu)","Tovar; Služba","","https://portal.eks.sk/SpravaKniznice/OpisneFormulareKniznice/VerejnyDetailOpisnehoFormularaKniznice/208224","0","0",
"OF-208225","Po karanténe","Náhradné diely na autobusy Sor NB12,NB18 - Hnacie ústrojenstvo","Náhradné diely, autobus,Sor NB12,NB18,hnacie ústrojenstvo","34913000-0 Rôzne náhradné diely; 60000000-8 Dopravné služby (bez prepravy odpadu)","Tovar","","https://portal.eks.sk/SpravaKniznice/OpisneFormulareKniznice/VerejnyDetailOpisnehoFormularaKniznice/208225","0","0",
"OF-208227","Po karanténe","Náhradné diely na Sor NB12,NB18 - elektro","Náhradné diely, autobus,Sor,elektro","34913000-0 Rôzne náhradné diely; 60000000-8 Dopravné služby (bez prepravy odpadu)","Tovar","","https://portal.eks.sk/SpravaKniznice/OpisneFormulareKniznice/VerejnyDetailOpisnehoFormularaKniznice/208227","0","0",
"OF-208228","Po karanténe","Tonerové náplne - originál","toner, tonerová náplň","30125100-2 Tonerové náplne; 60000000-8 Dopravné služby (bez prepravy odpadu)","Tovar; Služba","","https://portal.eks.sk/SpravaKniznice/OpisneFormulareKniznice/VerejnyDetailOpisnehoFormularaKniznice/208228","0","0",
"OF-208229","Po karanténe","Náhradné diely na autobusy Sor NB12,NB18 - podvozok","Náhradné diely, autobus,Sor NB12,NB18,podvozok","34913000-0 Rôzne náhradné diely; 60000000-8 Dopravné služby (bez prepravy odpadu)","Tovar","","https://portal.eks.sk/SpravaKniznice/OpisneFormulareKniznice/VerejnyDetailOpisnehoFormularaKniznice/208229","0","0",
"OF-208232","Po karanténe","CorelDRAW Graphics Suite 2019 Business WIN UPGRADE ","Elektronická licencia, licencie","48322000-1 Grafický softvérový balík; 60000000-8 Dopravné služby (bez prepravy odpadu)","Tovar; Služba","","https://portal.eks.sk/SpravaKniznice/OpisneFormulareKniznice/VerejnyDetailOpisnehoFormularaKniznice/208232","0","0",
"OF-208233","Po karanténe","Sójové výrobky","Sójové výrobky, sójové kocky, sójové rezance","15331150-3 Spracované strukoviny; 60000000-8 Dopravné služby (bez prepravy odpadu); 03111100-3 Sójové bôby","Tovar; Služba","","https://portal.eks.sk/SpravaKniznice/OpisneFormulareKniznice/VerejnyDetailOpisnehoFormularaKniznice/208233","0","0",
"OF-208235","Po karanténe","Výbojky pre svietidlá verejného osvetlenia","Výbojky pre svietidlá verejného osvetlenia","31514000-2 Výbojky; 60000000-8 Dopravné služby (bez prepravy odpadu)","Tovar; Služba","","https://portal.eks.sk/SpravaKniznice/OpisneFormulareKniznice/VerejnyDetailOpisnehoFormularaKniznice/208235","0","0",
"OF-208236","Po karanténe","Ochranný odev","ochranný odev, kombinéza, pracovný odev","35113400-3 Ochranné a bezpečnostné odevy; 60000000-8 Dopravné služby (bez prepravy odpadu)","Tovar; Služba","","https://portal.eks.sk/SpravaKniznice/OpisneFormulareKniznice/VerejnyDetailOpisnehoFormularaKniznice/208236","0","0",
"OF-208237","Po karanténe","Pulzné oxymetre","zdravotnícke prístroje, diagnostické prístroje, oximeter","33124100-6 Diagnostické prístroje; 60000000-8 Dopravné služby (bez prepravy odpadu)","Tovar; Služba","","https://portal.eks.sk/SpravaKniznice/OpisneFormulareKniznice/VerejnyDetailOpisnehoFormularaKniznice/208237","0","0",
"OF-208238","Po karanténe","Motorová nafta","nafta, pohonné hmoty","09134100-8 Motorová nafta; 60000000-8 Dopravné služby (bez prepravy odpadu)","Tovar; Služba","","https://portal.eks.sk/SpravaKniznice/OpisneFormulareKniznice/VerejnyDetailOpisnehoFormularaKniznice/208238","0","0",
"OF-208239","Po karanténe","Čistiace prostriedky","mydlo, sóda kryštálová, papierové servítky, prostriedok na umývanie riadu, handry, rukavice","39830000-9 Čistiace výrobky; 60000000-8 Dopravné služby (bez prepravy odpadu)","Tovar; Služba","","https://portal.eks.sk/SpravaKniznice/OpisneFormulareKniznice/VerejnyDetailOpisnehoFormularaKniznice/208239","0","0",
"OF-208240","Po karanténe","Kancelárske potreby","kancelárske potreby","30192000-1 Kancelárske potreby; 60000000-8 Dopravné služby (bez prepravy odpadu)","Tovar; Služba","","https://portal.eks.sk/SpravaKniznice/OpisneFormulareKniznice/VerejnyDetailOpisnehoFormularaKniznice/208240","0","0",
"OF-208241","Po karanténe","ampicilín","antibakteriálne látky na systémové použitie, penicilíny","33651100-9 Látky ničiace baktérie na systémové použitie","Tovar; Služba","","https://portal.eks.sk/SpravaKniznice/OpisneFormulareKniznice/VerejnyDetailOpisnehoFormularaKniznice/208241","0","0",
"OF-208242","Po karanténe","Xerox papier, kancelárske potreby","xerox papier, papier na fotokopírovanie, xerografický papier, ceruza, zošívačka, obálky","30197642-8 Papier na fotokopírovanie a xerografický papier; 30192000-1 Kancelárske potreby","Tovar; Služba","","https://portal.eks.sk/SpravaKniznice/OpisneFormulareKniznice/VerejnyDetailOpisnehoFormularaKniznice/208242","0","0",
"OF-208243","Po karanténe","Komponenty k počítačom a notebookom","grafická karta, pamäťový modul","30236111-3 Dynamická pamäť s náhodným prístupom (DRAM); 30237130-9 Počítačové karty; 60000000-8 Dopravné služby (bez prepravy odpadu)","Tovar; Služba","","https://portal.eks.sk/SpravaKniznice/OpisneFormulareKniznice/VerejnyDetailOpisnehoFormularaKniznice/208243","0","0",
"OF-208244","Po karanténe","Originálne tonery do laserových tlačiarní.","tonery do laserových tlačiarní, kopírovanie, fotokopírovanie","30125110-5 Toner do laserových tlačiarní/faxových prístrojov; 30125100-2 Tonerové náplne; 60000000-8 Dopravné služby (bez prepravy odpadu)","Tovar; Služba","","https://portal.eks.sk/SpravaKniznice/OpisneFormulareKniznice/VerejnyDetailOpisnehoFormularaKniznice/208244","0","0",
"OF-208245","Po karanténe","levofloxacín sol inf","chinolóny, antiinfektíva na systémové použitie, chemoterapeutiká","33651100-9 Látky ničiace baktérie na systémové použitie","Tovar; Služba","","https://portal.eks.sk/SpravaKniznice/OpisneFormulareKniznice/VerejnyDetailOpisnehoFormularaKniznice/208245","0","0",
"OF-208246","Po karanténe","Agrochemikálie a hnojivá","Liadok amónny s vápencom, Močovina, Viaczložkové granulované priemyselné hnojivo NPK","24450000-3 Agrochemikálie; 24410000-1 Dusíkaté priemyselné hnojivá; 24400000-8 Priemyselné hnojivá a zlúčeniny dusíka; 60000000-8 Dopravné služby (bez prepravy odpadu)","Tovar; Služba","","https://portal.eks.sk/SpravaKniznice/OpisneFormulareKniznice/VerejnyDetailOpisnehoFormularaKniznice/208246","0","0",
"OF-208247","Po karanténe","originálne náhradné diely na XP-200-VARI","originálne náhradné diely","34322000-0 Brzdy a časti bŕzd; 42124000-4 Časti čerpadiel, kompresorov, strojov a motorov; 60000000-8 Dopravné služby (bez prepravy odpadu)","Tovar; Služba","","https://portal.eks.sk/SpravaKniznice/OpisneFormulareKniznice/VerejnyDetailOpisnehoFormularaKniznice/208247","0","0",
"OF-208251","Po karanténe","Tonerové náplne do tlačiarní","Tonerové náplne","30125100-2 Tonerové náplne; 60000000-8 Dopravné služby (bez prepravy odpadu)","Tovar; Služba","","https://portal.eks.sk/SpravaKniznice/OpisneFormulareKniznice/VerejnyDetailOpisnehoFormularaKniznice/208251","0","0",
"OF-208252","Po karanténe","Hygienické potreby","Toaletný papier JUMBO a papierové utierky","33761000-2 Toaletný papier; 33763000-6 Papierové uteráky na ruky; 60000000-8 Dopravné služby (bez prepravy odpadu)","Tovar; Služba","","https://portal.eks.sk/SpravaKniznice/OpisneFormulareKniznice/VerejnyDetailOpisnehoFormularaKniznice/208252","0","0",
"OF-208259","Po karanténe","elektródy, brúsny papier","elektródy, brúsny papier","31711140-6 Elektródy; 60000000-8 Dopravné služby (bez prepravy odpadu)","Tovar; Služba","","https://portal.eks.sk/SpravaKniznice/OpisneFormulareKniznice/VerejnyDetailOpisnehoFormularaKniznice/208259","0","0",
"OF-208260","Po karanténe","Kukurica kŕmna","kukurica, krmivo","03211200-5 Kukurica; 60000000-8 Dopravné služby (bez prepravy odpadu)","Tovar; Služba","","https://portal.eks.sk/SpravaKniznice/OpisneFormulareKniznice/VerejnyDetailOpisnehoFormularaKniznice/208260","0","0",
"OF-208261","Po karanténe","Semená zeleniny","semená zelenina","03111700-9 Semená zeleniny; 60000000-8 Dopravné služby (bez prepravy odpadu)","Tovar; Služba","","https://portal.eks.sk/SpravaKniznice/OpisneFormulareKniznice/VerejnyDetailOpisnehoFormularaKniznice/208261","0","0",
"OF-208262","Po karanténe","Údržba a servis tlačiarenských zariadení XEROX","farebné a čiernobiele produkčné digitálne tlačové zariadenie, servis, dodávka náhradných dielov, technická podpora SW","50313000-2 Údržba a opravy reprografických strojov; 50313100-3 Opravy fotokopírovacích strojov; 50313200-4 Údržba fotokopírovacích strojov; 30000000-9 Kancelárske a počítacie stroje, vybavenie a spotrebný materiál s výnimkou nábytku a softvérových balíkov; 30120000-6 Zariadenia na fotokopírovanie a ofsetovú tlač; 30121100-4 Fotokopírovacie stroje; 30121200-5 Zariadenia na fotokopírovanie; 30121300-6 Zariadenia na reprodukciu; 30121400-7 Rozmnožovacie stroje; 60000000-8 Dopravné služby (bez prepravy odpadu)","Služba; Tovar","","https://portal.eks.sk/SpravaKniznice/OpisneFormulareKniznice/VerejnyDetailOpisnehoFormularaKniznice/208262","0","0",
"OF-208263","Po karanténe","toaletný papier, papierové utierky, pena do zásobníka Deb Refresch ","Toaletný papier, papierové utierky, pena do zásobníka","33761000-2 Toaletný papier; 33763000-6 Papierové uteráky na ruky","Tovar; Služba","","https://portal.eks.sk/SpravaKniznice/OpisneFormulareKniznice/VerejnyDetailOpisnehoFormularaKniznice/208263","0","0",
"OF-208264","Po karanténe","Stravné poukážky ","stravné poukážky,stravovanie zamestnancov","30199770-8 Stravné poukážky; 60000000-8 Dopravné služby (bez prepravy odpadu)","Tovar; Služba","","https://portal.eks.sk/SpravaKniznice/OpisneFormulareKniznice/VerejnyDetailOpisnehoFormularaKniznice/208264","0","0",
"OF-208266","Po karanténe","Osivo ","osivo jačmeňa jarného, pšenice ozimnej, kukurice","03111000-2 Osivo; 60000000-8 Dopravné služby (bez prepravy odpadu)","Tovar; Služba","","https://portal.eks.sk/SpravaKniznice/OpisneFormulareKniznice/VerejnyDetailOpisnehoFormularaKniznice/208266","0","0",
