"VerejnyIdentifikatorZakazky","DatumPredlozeniaPonuky","Dodavatel_ICO","Dodavatel_ObchodnyNazov","Dodavatel_StatSidla","PredlozenaCenaBezDPH","SadzbaDPH","PredlozenaCenaSDPH","VyslednePoradie","VstupnaPonuka","Platna",
"Z2025215","2/3/2025 8:17:08 AM","35738219","AXASOFT, a. s.","Slovenská republika","89998.90","0.00","89998.90","","True","False",
"Z2025215","2/3/2025 11:16:50 AM","53528654","Up Déjeuner, s. r. o.","Slovenská republika","89990.00","0.00","89990.00","","False","False",
"Z2025215","2/3/2025 11:18:20 AM","56214863","fpoho s.r.o.","Slovenská republika","89981.00","0.00","89981.00","","False","False",
"Z2025215","2/3/2025 11:18:52 AM","53528654","Up Déjeuner, s. r. o.","Slovenská republika","89972.00","0.00","89972.00","","False","False",
"Z2025215","2/3/2025 11:19:22 AM","56214863","fpoho s.r.o.","Slovenská republika","89963.00","0.00","89963.00","","False","False",
"Z2025215","2/3/2025 11:19:48 AM","53528654","Up Déjeuner, s. r. o.","Slovenská republika","89954.00","0.00","89954.00","4","False","True",
"Z2025215","2/3/2025 11:20:49 AM","56214863","fpoho s.r.o.","Slovenská republika","89945.00","0.00","89945.00","","False","False",
"Z2025215","2/3/2025 11:22:09 AM","52005551","Ticket Service, s.r.o.","Slovenská republika","89901.00","0.00","89901.00","","False","False",
"Z2025215","2/3/2025 11:22:54 AM","56214863","fpoho s.r.o.","Slovenská republika","89900.00","0.00","89900.00","","False","False",
"Z2025215","2/3/2025 11:23:25 AM","52005551","Ticket Service, s.r.o.","Slovenská republika","89870.00","0.00","89870.00","","False","False",
"Z2025215","2/3/2025 11:23:52 AM","56214863","fpoho s.r.o.","Slovenská republika","89864.00","0.00","89864.00","","False","False",
"Z2025215","2/3/2025 11:24:27 AM","52005551","Ticket Service, s.r.o.","Slovenská republika","89799.00","0.00","89799.00","","False","False",
"Z2025215","2/3/2025 11:25:07 AM","56214863","fpoho s.r.o.","Slovenská republika","89792.00","0.00","89792.00","","False","False",
"Z2025215","2/3/2025 11:34:08 AM","52005551","Ticket Service, s.r.o.","Slovenská republika","89790.00","0.00","89790.00","","False","False",
"Z2025215","2/3/2025 11:34:31 AM","56214863","fpoho s.r.o.","Slovenská republika","89783.00","0.00","89783.00","","False","False",
"Z2025215","2/3/2025 11:34:37 AM","35738219","AXASOFT, a. s.","Slovenská republika","89780.00","0.00","89780.00","","False","False",
"Z2025215","2/3/2025 11:34:58 AM","56214863","fpoho s.r.o.","Slovenská republika","89774.00","0.00","89774.00","","False","False",
"Z2025215","2/3/2025 11:34:59 AM","52005551","Ticket Service, s.r.o.","Slovenská republika","89760.00","0.00","89760.00","3","False","True",
"Z2025215","2/3/2025 11:35:21 AM","56214863","fpoho s.r.o.","Slovenská republika","89756.00","0.00","89756.00","","False","False",
"Z2025215","2/3/2025 11:38:10 AM","35738219","AXASOFT, a. s.","Slovenská republika","89750.00","0.00","89750.00","","False","False",
"Z2025215","2/3/2025 11:39:21 AM","56214863","fpoho s.r.o.","Slovenská republika","89747.00","0.00","89747.00","","False","False",
"Z2025215","2/3/2025 11:42:11 AM","35738219","AXASOFT, a. s.","Slovenská republika","89700.00","0.00","89700.00","","False","False",
"Z2025215","2/3/2025 11:42:55 AM","56214863","fpoho s.r.o.","Slovenská republika","89693.00","0.00","89693.00","","False","False",
"Z2025215","2/3/2025 11:44:06 AM","35738219","AXASOFT, a. s.","Slovenská republika","89600.00","0.00","89600.00","","False","False",
"Z2025215","2/3/2025 11:44:51 AM","56214863","fpoho s.r.o.","Slovenská republika","89594.00","0.00","89594.00","","False","False",
"Z2025215","2/3/2025 11:46:28 AM","35738219","AXASOFT, a. s.","Slovenská republika","89550.00","0.00","89550.00","","False","False",
"Z2025215","2/3/2025 11:46:59 AM","56214863","fpoho s.r.o.","Slovenská republika","89549.01","0.00","89549.01","","False","False",
"Z2025215","2/3/2025 11:47:43 AM","35738219","AXASOFT, a. s.","Slovenská republika","89540.00","0.00","89540.00","","False","False",
"Z2025215","2/3/2025 11:48:25 AM","56214863","fpoho s.r.o.","Slovenská republika","89531.01","0.00","89531.01","","False","False",
"Z2025215","2/3/2025 11:49:00 AM","35738219","AXASOFT, a. s.","Slovenská republika","89530.00","0.00","89530.00","","False","False",
"Z2025215","2/3/2025 11:50:30 AM","56214863","fpoho s.r.o.","Slovenská republika","89522.01","0.00","89522.01","","False","False",
"Z2025215","2/3/2025 11:50:52 AM","35738219","AXASOFT, a. s.","Slovenská republika","89520.00","0.00","89520.00","","False","False",
"Z2025215","2/3/2025 11:51:38 AM","56214863","fpoho s.r.o.","Slovenská republika","89513.01","0.00","89513.01","","False","False",
"Z2025215","2/3/2025 11:53:08 AM","35738219","AXASOFT, a. s.","Slovenská republika","89500.00","0.00","89500.00","","False","False",
"Z2025215","2/3/2025 11:53:53 AM","56214863","fpoho s.r.o.","Slovenská republika","89495.01","0.00","89495.01","","False","False",
"Z2025215","2/3/2025 11:54:14 AM","35738219","AXASOFT, a. s.","Slovenská republika","89490.00","0.00","89490.00","","False","False",
"Z2025215","2/3/2025 11:55:14 AM","56214863","fpoho s.r.o.","Slovenská republika","89486.01","0.00","89486.01","","False","False",
"Z2025215","2/3/2025 11:55:33 AM","35738219","AXASOFT, a. s.","Slovenská republika","89400.00","0.00","89400.00","","False","False",
"Z2025215","2/3/2025 11:56:49 AM","56214863","fpoho s.r.o.","Slovenská republika","89396.01","0.00","89396.01","","False","False",
"Z2025215","2/3/2025 11:57:09 AM","35738219","AXASOFT, a. s.","Slovenská republika","89395.00","0.00","89395.00","","False","False",
"Z2025215","2/3/2025 11:58:43 AM","56214863","fpoho s.r.o.","Slovenská republika","89387.01","0.00","89387.01","","False","False",
"Z2025215","2/3/2025 11:59:15 AM","35738219","AXASOFT, a. s.","Slovenská republika","89380.00","0.00","89380.00","","False","False",
"Z2025215","2/3/2025 12:00:02 PM","56214863","fpoho s.r.o.","Slovenská republika","89378.01","0.00","89378.01","","False","False",
"Z2025215","2/3/2025 12:00:32 PM","35738219","AXASOFT, a. s.","Slovenská republika","89377.90","0.00","89377.90","","False","False",
"Z2025215","2/3/2025 12:00:53 PM","56214863","fpoho s.r.o.","Slovenská republika","89369.01","0.00","89369.01","","False","False",
"Z2025215","2/3/2025 12:01:12 PM","35738219","AXASOFT, a. s.","Slovenská republika","89369.00","0.00","89369.00","","False","False",
"Z2025215","2/3/2025 12:01:56 PM","56214863","fpoho s.r.o.","Slovenská republika","89360.01","0.00","89360.01","","False","False",
"Z2025215","2/3/2025 12:02:15 PM","35738219","AXASOFT, a. s.","Slovenská republika","89350.00","0.00","89350.00","","False","False",
"Z2025215","2/3/2025 12:02:56 PM","56214863","fpoho s.r.o.","Slovenská republika","89342.01","0.00","89342.01","","False","False",
"Z2025215","2/3/2025 12:03:13 PM","35738219","AXASOFT, a. s.","Slovenská republika","89340.00","0.00","89340.00","","False","False",
"Z2025215","2/3/2025 12:03:50 PM","56214863","fpoho s.r.o.","Slovenská republika","89333.01","0.00","89333.01","","False","False",
"Z2025215","2/3/2025 12:04:19 PM","35738219","AXASOFT, a. s.","Slovenská republika","89322.22","0.00","89322.22","","False","False",
"Z2025215","2/3/2025 12:04:55 PM","56214863","fpoho s.r.o.","Slovenská republika","89315.01","0.00","89315.01","","False","False",
"Z2025215","2/3/2025 12:05:30 PM","35738219","AXASOFT, a. s.","Slovenská republika","89300.00","0.00","89300.00","","False","False",
"Z2025215","2/3/2025 12:06:39 PM","56214863","fpoho s.r.o.","Slovenská republika","89297.01","0.00","89297.01","","False","False",
"Z2025215","2/3/2025 12:07:02 PM","35738219","AXASOFT, a. s.","Slovenská republika","89296.00","0.00","89296.00","","False","False",
"Z2025215","2/3/2025 12:08:28 PM","56214863","fpoho s.r.o.","Slovenská republika","89288.01","0.00","89288.01","","False","False",
"Z2025215","2/3/2025 12:09:00 PM","35738219","AXASOFT, a. s.","Slovenská republika","89288.00","0.00","89288.00","","False","False",
"Z2025215","2/3/2025 12:09:56 PM","56214863","fpoho s.r.o.","Slovenská republika","89279.01","0.00","89279.01","","False","False",
"Z2025215","2/3/2025 12:10:15 PM","35738219","AXASOFT, a. s.","Slovenská republika","89205.00","0.00","89205.00","","False","False",
"Z2025215","2/3/2025 12:11:00 PM","56214863","fpoho s.r.o.","Slovenská republika","89198.01","0.00","89198.01","","False","False",
"Z2025215","2/3/2025 12:13:26 PM","35738219","AXASOFT, a. s.","Slovenská republika","89190.00","0.00","89190.00","","False","False",
"Z2025215","2/3/2025 12:15:24 PM","56214863","fpoho s.r.o.","Slovenská republika","89189.01","0.00","89189.01","","False","False",
"Z2025215","2/3/2025 12:15:45 PM","35738219","AXASOFT, a. s.","Slovenská republika","89100.00","0.00","89100.00","","False","False",
"Z2025215","2/3/2025 12:16:20 PM","56214863","fpoho s.r.o.","Slovenská republika","89099.01","0.00","89099.01","","False","False",
"Z2025215","2/3/2025 12:16:53 PM","35738219","AXASOFT, a. s.","Slovenská republika","89019.00","0.00","89019.00","","False","False",
"Z2025215","2/3/2025 12:17:31 PM","56214863","fpoho s.r.o.","Slovenská republika","89018.01","0.00","89018.01","","False","False",
"Z2025215","2/3/2025 12:18:01 PM","35738219","AXASOFT, a. s.","Slovenská republika","89011.00","0.00","89011.00","","False","False",
"Z2025215","2/3/2025 12:18:56 PM","56214863","fpoho s.r.o.","Slovenská republika","89009.01","0.00","89009.01","","False","False",
"Z2025215","2/3/2025 12:20:15 PM","35738219","AXASOFT, a. s.","Slovenská republika","89001.00","0.00","89001.00","","False","False",
"Z2025215","2/3/2025 12:20:47 PM","56214863","fpoho s.r.o.","Slovenská republika","89000.01","0.00","89000.01","","False","False",
"Z2025215","2/3/2025 12:22:07 PM","35738219","AXASOFT, a. s.","Slovenská republika","89000.00","0.00","89000.00","","False","False",
"Z2025215","2/3/2025 12:22:44 PM","56214863","fpoho s.r.o.","Slovenská republika","88991.01","0.00","88991.01","","False","False",
"Z2025215","2/3/2025 12:24:13 PM","35738219","AXASOFT, a. s.","Slovenská republika","88891.00","0.00","88891.00","","False","False",
"Z2025215","2/3/2025 12:25:34 PM","56214863","fpoho s.r.o.","Slovenská republika","88883.01","0.00","88883.01","","False","False",
"Z2025215","2/3/2025 12:27:32 PM","35738219","AXASOFT, a. s.","Slovenská republika","88880.00","0.00","88880.00","","False","False",
"Z2025215","2/3/2025 12:28:38 PM","56214863","fpoho s.r.o.","Slovenská republika","88874.01","0.00","88874.01","","False","False",
"Z2025215","2/3/2025 12:30:31 PM","35738219","AXASOFT, a. s.","Slovenská republika","88499.00","0.00","88499.00","","False","False",
"Z2025215","2/3/2025 12:31:39 PM","56214863","fpoho s.r.o.","Slovenská republika","88496.02","0.00","88496.02","","False","False",
"Z2025215","2/3/2025 12:34:32 PM","35738219","AXASOFT, a. s.","Slovenská republika","88490.00","0.00","88490.00","","False","False",
"Z2025215","2/3/2025 12:35:09 PM","56214863","fpoho s.r.o.","Slovenská republika","88487.02","0.00","88487.02","","False","False",
"Z2025215","2/3/2025 12:37:52 PM","35738219","AXASOFT, a. s.","Slovenská republika","88300.00","0.00","88300.00","","False","False",
"Z2025215","2/3/2025 12:38:46 PM","56214863","fpoho s.r.o.","Slovenská republika","88298.02","0.00","88298.02","","False","False",
"Z2025215","2/3/2025 12:39:10 PM","35738219","AXASOFT, a. s.","Slovenská republika","88200.00","0.00","88200.00","","False","False",
"Z2025215","2/3/2025 12:40:24 PM","56214863","fpoho s.r.o.","Slovenská republika","88199.02","0.00","88199.02","","False","False",
"Z2025215","2/3/2025 12:41:04 PM","35738219","AXASOFT, a. s.","Slovenská republika","88190.00","0.00","88190.00","","False","False",
"Z2025215","2/3/2025 12:42:13 PM","56214863","fpoho s.r.o.","Slovenská republika","88181.02","0.00","88181.02","","False","False",
"Z2025215","2/3/2025 12:42:33 PM","35738219","AXASOFT, a. s.","Slovenská republika","88100.00","0.00","88100.00","","False","False",
"Z2025215","2/3/2025 12:43:25 PM","56214863","fpoho s.r.o.","Slovenská republika","88091.02","0.00","88091.02","","False","False",
"Z2025215","2/3/2025 12:44:03 PM","35738219","AXASOFT, a. s.","Slovenská republika","88091.01","0.00","88091.01","","False","False",
"Z2025215","2/3/2025 12:45:02 PM","56214863","fpoho s.r.o.","Slovenská republika","88082.02","0.00","88082.02","","False","False",
"Z2025215","2/3/2025 12:45:31 PM","35738219","AXASOFT, a. s.","Slovenská republika","88001.00","0.00","88001.00","2","False","True",
"Z2025215","2/3/2025 12:46:35 PM","56214863","fpoho s.r.o.","Slovenská republika","87992.02","0.00","87992.02","1","False","True",
"Z2025227","2/2/2025 12:57:29 PM","47067268","CryoChem Slovakia s.r.o.","Slovenská republika","24820.00","23.00","30528.60","3","True","True",
"Z2025227","2/3/2025 7:20:22 AM","00685852","Messer Tatragas, spol. s r.o.","Slovenská republika","24835.00","23.00","30547.05","4","True","True",
"Z2025227","2/3/2025 8:46:33 AM","35746343","SIAD Slovakia spol. s r. o.","Slovenská republika","21119.00","23.00","25976.37","","False","False",
"Z2025227","2/3/2025 8:46:58 AM","36578797","CRYOSOFT spol. s r.o.","Slovenská republika","19990.00","23.00","24587.70","2","False","True",
"Z2025227","2/3/2025 8:47:20 AM","35746343","SIAD Slovakia spol. s r. o.","Slovenská republika","19989.00","23.00","24586.47","","False","False",
"Z2025227","2/3/2025 9:01:40 AM","35746343","SIAD Slovakia spol. s r. o.","Slovenská republika","19988.00","23.00","24585.24","1","False","True",
"Z2025234","2/3/2025 7:20:07 AM","41751477","Martin Gall - MG COMP","Slovenská republika","4269.00","23.00","5250.87","","True","False",
"Z2025234","2/3/2025 10:07:29 AM","36212466","Datacomp s.r.o.","Slovenská republika","4200.00","23.00","5166.00","","False","False",
"Z2025234","2/3/2025 10:08:13 AM","53706587","LIsyst s.r.o.","Slovenská republika","4199.00","23.00","5164.77","","False","False",
"Z2025234","2/3/2025 10:08:56 AM","41751477","Martin Gall - MG COMP","Slovenská republika","4198.00","23.00","5163.54","","False","False",
"Z2025234","2/3/2025 10:09:53 AM","53706587","LIsyst s.r.o.","Slovenská republika","4197.00","23.00","5162.31","","False","False",
"Z2025234","2/3/2025 10:10:16 AM","41751477","Martin Gall - MG COMP","Slovenská republika","4190.00","23.00","5153.70","","False","False",
"Z2025234","2/3/2025 10:10:33 AM","53706587","LIsyst s.r.o.","Slovenská republika","4189.00","23.00","5152.47","","False","False",
"Z2025234","2/3/2025 10:11:54 AM","36212466","Datacomp s.r.o.","Slovenská republika","4150.00","23.00","5104.50","","False","False",
"Z2025234","2/3/2025 10:12:01 AM","41751477","Martin Gall - MG COMP","Slovenská republika","4140.00","23.00","5092.20","","False","False",
"Z2025234","2/3/2025 10:12:10 AM","53706587","LIsyst s.r.o.","Slovenská republika","4139.00","23.00","5090.97","4","False","True",
"Z2025234","2/3/2025 10:12:24 AM","36212466","Datacomp s.r.o.","Slovenská republika","4090.00","23.00","5030.70","3","False","True",
"Z2025234","2/3/2025 10:13:38 AM","41751477","Martin Gall - MG COMP","Slovenská republika","4070.00","23.00","5006.10","","False","False",
"Z2025234","2/3/2025 10:26:45 AM","36556050","ITSK, s.r.o.","Slovenská republika","4069.99","20.00","4883.99","","False","False",
"Z2025234","2/3/2025 10:27:04 AM","41751477","Martin Gall - MG COMP","Slovenská republika","4068.00","23.00","5003.64","","False","False",
"Z2025234","2/3/2025 10:30:51 AM","36556050","ITSK, s.r.o.","Slovenská republika","4067.99","20.00","4881.59","","False","False",
"Z2025234","2/3/2025 10:31:01 AM","41751477","Martin Gall - MG COMP","Slovenská republika","4067.00","23.00","5002.41","","False","False",
"Z2025234","2/3/2025 10:34:28 AM","36556050","ITSK, s.r.o.","Slovenská republika","4066.00","20.00","4879.20","","False","False",
"Z2025234","2/3/2025 10:35:12 AM","41751477","Martin Gall - MG COMP","Slovenská republika","4060.00","23.00","4993.80","","False","False",
"Z2025234","2/3/2025 10:38:27 AM","36556050","ITSK, s.r.o.","Slovenská republika","4059.00","20.00","4870.80","","False","False",
"Z2025234","2/3/2025 10:39:20 AM","41751477","Martin Gall - MG COMP","Slovenská republika","4058.99","23.00","4992.56","","False","False",
"Z2025234","2/3/2025 10:40:52 AM","36556050","ITSK, s.r.o.","Slovenská republika","4058.90","20.00","4870.68","","False","False",
"Z2025234","2/3/2025 10:41:35 AM","41751477","Martin Gall - MG COMP","Slovenská republika","4058.89","23.00","4992.44","","False","False",
"Z2025234","2/3/2025 10:42:27 AM","36556050","ITSK, s.r.o.","Slovenská republika","4058.80","20.00","4870.56","","False","False",
"Z2025234","2/3/2025 10:43:00 AM","41751477","Martin Gall - MG COMP","Slovenská republika","4058.79","23.00","4992.31","","False","False",
"Z2025234","2/3/2025 10:44:51 AM","36556050","ITSK, s.r.o.","Slovenská republika","4058.70","20.00","4870.44","","False","False",
"Z2025234","2/3/2025 10:45:37 AM","41751477","Martin Gall - MG COMP","Slovenská republika","4058.67","23.00","4992.17","","False","False",
"Z2025234","2/3/2025 10:46:11 AM","36556050","ITSK, s.r.o.","Slovenská republika","4058.60","20.00","4870.32","","False","False",
"Z2025234","2/3/2025 10:47:01 AM","41751477","Martin Gall - MG COMP","Slovenská republika","4058.57","23.00","4992.04","","False","False",
"Z2025234","2/3/2025 10:47:27 AM","36556050","ITSK, s.r.o.","Slovenská republika","4058.50","20.00","4870.20","","False","False",
"Z2025234","2/3/2025 10:48:07 AM","41751477","Martin Gall - MG COMP","Slovenská republika","4058.49","23.00","4991.94","","False","False",
"Z2025234","2/3/2025 10:50:24 AM","36556050","ITSK, s.r.o.","Slovenská republika","4058.40","20.00","4870.08","","False","False",
"Z2025234","2/3/2025 10:51:07 AM","41751477","Martin Gall - MG COMP","Slovenská republika","4058.39","23.00","4991.82","","False","False",
"Z2025234","2/3/2025 10:52:20 AM","36556050","ITSK, s.r.o.","Slovenská republika","4058.30","20.00","4869.96","","False","False",
"Z2025234","2/3/2025 10:53:00 AM","41751477","Martin Gall - MG COMP","Slovenská republika","4058.29","23.00","4991.70","","False","False",
"Z2025234","2/3/2025 10:53:19 AM","36556050","ITSK, s.r.o.","Slovenská republika","4058.20","20.00","4869.84","","False","False",
"Z2025234","2/3/2025 10:55:00 AM","41751477","Martin Gall - MG COMP","Slovenská republika","4058.17","23.00","4991.55","","False","False",
"Z2025234","2/3/2025 10:58:26 AM","36556050","ITSK, s.r.o.","Slovenská republika","4058.00","20.00","4869.60","","False","False",
"Z2025234","2/3/2025 10:59:00 AM","41751477","Martin Gall - MG COMP","Slovenská republika","4057.97","23.00","4991.30","","False","False",
"Z2025234","2/3/2025 11:02:19 AM","36556050","ITSK, s.r.o.","Slovenská republika","4057.50","20.00","4869.00","","False","False",
"Z2025234","2/3/2025 11:03:24 AM","41751477","Martin Gall - MG COMP","Slovenská republika","4057.47","23.00","4990.69","","False","False",
"Z2025234","2/3/2025 11:06:23 AM","36556050","ITSK, s.r.o.","Slovenská republika","4057.00","20.00","4868.40","","False","False",
"Z2025234","2/3/2025 11:07:02 AM","41751477","Martin Gall - MG COMP","Slovenská republika","4056.97","23.00","4990.07","","False","False",
"Z2025234","2/3/2025 11:10:23 AM","36556050","ITSK, s.r.o.","Slovenská republika","4056.47","20.00","4867.77","","False","False",
"Z2025234","2/3/2025 11:10:47 AM","41751477","Martin Gall - MG COMP","Slovenská republika","4056.45","23.00","4989.43","","False","False",
"Z2025234","2/3/2025 11:12:18 AM","36556050","ITSK, s.r.o.","Slovenská republika","4056.00","20.00","4867.20","","False","False",
"Z2025234","2/3/2025 11:12:38 AM","41751477","Martin Gall - MG COMP","Slovenská republika","4055.97","23.00","4988.84","","False","False",
"Z2025234","2/3/2025 11:14:17 AM","36556050","ITSK, s.r.o.","Slovenská republika","4055.47","20.00","4866.57","","False","False",
"Z2025234","2/3/2025 11:14:41 AM","41751477","Martin Gall - MG COMP","Slovenská republika","4055.40","23.00","4988.14","","False","False",
"Z2025234","2/3/2025 11:16:27 AM","36556050","ITSK, s.r.o.","Slovenská republika","4055.20","20.00","4866.24","","False","False",
"Z2025234","2/3/2025 11:16:43 AM","41751477","Martin Gall - MG COMP","Slovenská republika","4055.17","23.00","4987.86","","False","False",
"Z2025234","2/3/2025 11:18:42 AM","36556050","ITSK, s.r.o.","Slovenská republika","4055.10","20.00","4866.12","","False","False",
"Z2025234","2/3/2025 11:19:34 AM","41751477","Martin Gall - MG COMP","Slovenská republika","4055.00","23.00","4987.65","","False","False",
"Z2025234","2/3/2025 11:22:38 AM","36556050","ITSK, s.r.o.","Slovenská republika","4054.99","20.00","4865.99","","False","False",
"Z2025234","2/3/2025 11:22:46 AM","41751477","Martin Gall - MG COMP","Slovenská republika","4050.00","23.00","4981.50","","False","False",
"Z2025234","2/3/2025 11:24:30 AM","36556050","ITSK, s.r.o.","Slovenská republika","4049.00","20.00","4858.80","","False","False",
"Z2025234","2/3/2025 11:24:31 AM","41751477","Martin Gall - MG COMP","Slovenská republika","4040.00","23.00","4969.20","","False","False",
"Z2025234","2/3/2025 11:26:30 AM","36556050","ITSK, s.r.o.","Slovenská republika","4039.00","20.00","4846.80","","False","False",
"Z2025234","2/3/2025 11:26:32 AM","41751477","Martin Gall - MG COMP","Slovenská republika","4020.00","23.00","4944.60","","False","False",
"Z2025234","2/3/2025 11:28:26 AM","36556050","ITSK, s.r.o.","Slovenská republika","4019.00","20.00","4822.80","","False","False",
"Z2025234","2/3/2025 11:28:35 AM","41751477","Martin Gall - MG COMP","Slovenská republika","4000.00","23.00","4920.00","","False","False",
"Z2025234","2/3/2025 11:30:32 AM","36556050","ITSK, s.r.o.","Slovenská republika","3999.99","20.00","4799.99","","False","False",
"Z2025234","2/3/2025 11:31:18 AM","41751477","Martin Gall - MG COMP","Slovenská republika","3980.00","23.00","4895.40","","False","False",
"Z2025234","2/3/2025 11:34:13 AM","36556050","ITSK, s.r.o.","Slovenská republika","3979.00","20.00","4774.80","","False","False",
"Z2025234","2/3/2025 11:34:22 AM","41751477","Martin Gall - MG COMP","Slovenská republika","3960.00","23.00","4870.80","","False","False",
"Z2025234","2/3/2025 11:36:31 AM","36556050","ITSK, s.r.o.","Slovenská republika","3959.00","20.00","4750.80","","False","False",
"Z2025234","2/3/2025 11:36:47 AM","41751477","Martin Gall - MG COMP","Slovenská republika","3940.00","23.00","4846.20","","False","False",
"Z2025234","2/3/2025 11:38:35 AM","36556050","ITSK, s.r.o.","Slovenská republika","3939.00","20.00","4726.80","","False","False",
"Z2025234","2/3/2025 11:38:38 AM","41751477","Martin Gall - MG COMP","Slovenská republika","3920.00","23.00","4821.60","","False","False",
"Z2025234","2/3/2025 11:40:31 AM","36556050","ITSK, s.r.o.","Slovenská republika","3919.00","20.00","4702.80","","False","False",
"Z2025234","2/3/2025 11:40:49 AM","41751477","Martin Gall - MG COMP","Slovenská republika","3900.00","23.00","4797.00","","False","False",
"Z2025234","2/3/2025 11:42:23 AM","36556050","ITSK, s.r.o.","Slovenská republika","3899.99","20.00","4679.99","","False","False",
"Z2025234","2/3/2025 11:42:53 AM","41751477","Martin Gall - MG COMP","Slovenská republika","3880.00","23.00","4772.40","","False","False",
"Z2025234","2/3/2025 11:44:42 AM","36556050","ITSK, s.r.o.","Slovenská republika","3879.00","20.00","4654.80","","False","False",
"Z2025234","2/3/2025 11:45:01 AM","41751477","Martin Gall - MG COMP","Slovenská republika","3860.00","23.00","4747.80","","False","False",
"Z2025234","2/3/2025 11:48:33 AM","36556050","ITSK, s.r.o.","Slovenská republika","3859.99","20.00","4631.99","","False","False",
"Z2025234","2/3/2025 11:49:04 AM","41751477","Martin Gall - MG COMP","Slovenská republika","3840.00","23.00","4723.20","","False","False",
"Z2025234","2/3/2025 11:52:59 AM","36556050","ITSK, s.r.o.","Slovenská republika","3839.99","20.00","4607.99","","False","False",
"Z2025234","2/3/2025 11:53:54 AM","41751477","Martin Gall - MG COMP","Slovenská republika","3820.00","23.00","4698.60","","False","False",
"Z2025234","2/3/2025 11:54:06 AM","36556050","ITSK, s.r.o.","Slovenská republika","3819.99","20.00","4583.99","","False","False",
"Z2025234","2/3/2025 11:56:25 AM","41751477","Martin Gall - MG COMP","Slovenská republika","3800.00","23.00","4674.00","","False","False",
"Z2025234","2/3/2025 11:58:55 AM","36556050","ITSK, s.r.o.","Slovenská republika","3799.99","20.00","4559.99","","False","False",
"Z2025234","2/3/2025 12:00:56 PM","41751477","Martin Gall - MG COMP","Slovenská republika","3780.00","23.00","4649.40","","False","False",
"Z2025234","2/3/2025 12:02:58 PM","36556050","ITSK, s.r.o.","Slovenská republika","3779.99","20.00","4535.99","","False","False",
"Z2025234","2/3/2025 12:04:24 PM","41751477","Martin Gall - MG COMP","Slovenská republika","3760.00","23.00","4624.80","","False","False",
"Z2025234","2/3/2025 12:04:28 PM","36556050","ITSK, s.r.o.","Slovenská republika","3759.99","20.00","4511.99","","False","False",
"Z2025234","2/3/2025 12:05:44 PM","41751477","Martin Gall - MG COMP","Slovenská republika","3750.00","23.00","4612.50","","False","False",
"Z2025234","2/3/2025 12:06:04 PM","36556050","ITSK, s.r.o.","Slovenská republika","3749.99","20.00","4499.99","","False","False",
"Z2025234","2/3/2025 12:08:47 PM","41751477","Martin Gall - MG COMP","Slovenská republika","3740.00","23.00","4600.20","2","False","True",
"Z2025234","2/3/2025 12:08:59 PM","36556050","ITSK, s.r.o.","Slovenská republika","3700.00","20.00","4440.00","1","False","True",
"Z2025239","2/3/2025 8:03:26 AM","56402163","Thein Slovakia, s. r. o.","Slovenská republika","4499.00","23.00","5533.77","","True","False",
"Z2025239","2/3/2025 8:37:30 AM","36365645","Quatro print, spol. s r.o.","Slovenská republika","4499.20","23.00","5534.02","","True","False",
"Z2025239","2/3/2025 10:29:44 AM","35891866","CLEAN TONERY, s.r.o.","Slovenská republika","4499.90","23.00","5534.88","6","True","True",
"Z2025239","2/3/2025 11:46:55 AM","50991698","T&J Invest s.r.o.","Slovenská republika","3999.00","23.00","4918.77","","True","False",
"Z2025239","2/3/2025 12:15:26 PM","36365645","Quatro print, spol. s r.o.","Slovenská republika","3990.00","23.00","4907.70","","False","False",
"Z2025239","2/3/2025 12:30:30 PM","50991698","T&J Invest s.r.o.","Slovenská republika","3980.00","23.00","4895.40","","False","False",
"Z2025239","2/3/2025 12:31:24 PM","36365645","Quatro print, spol. s r.o.","Slovenská republika","3970.00","23.00","4883.10","","False","False",
"Z2025239","2/3/2025 12:31:32 PM","50991698","T&J Invest s.r.o.","Slovenská republika","3900.00","23.00","4797.00","","False","False",
"Z2025239","2/3/2025 12:32:06 PM","56402163","Thein Slovakia, s. r. o.","Slovenská republika","3899.99","23.00","4796.99","4","False","True",
"Z2025239","2/3/2025 12:32:18 PM","50991698","T&J Invest s.r.o.","Slovenská republika","3700.00","23.00","4551.00","","False","False",
"Z2025239","2/3/2025 12:32:40 PM","36365645","Quatro print, spol. s r.o.","Slovenská republika","3660.00","23.00","4501.80","","False","False",
"Z2025239","2/3/2025 12:32:45 PM","50991698","T&J Invest s.r.o.","Slovenská republika","3500.00","23.00","4305.00","","False","False",
"Z2025239","2/3/2025 12:33:44 PM","36365645","Quatro print, spol. s r.o.","Slovenská republika","3450.00","23.00","4243.50","","False","False",
"Z2025239","2/3/2025 12:33:54 PM","50991698","T&J Invest s.r.o.","Slovenská republika","3400.00","23.00","4182.00","","False","False",
"Z2025239","2/3/2025 12:35:17 PM","36365645","Quatro print, spol. s r.o.","Slovenská republika","3350.00","23.00","4120.50","","False","False",
"Z2025239","2/3/2025 12:35:25 PM","50991698","T&J Invest s.r.o.","Slovenská republika","3300.00","23.00","4059.00","","False","False",
"Z2025239","2/3/2025 12:37:20 PM","36365645","Quatro print, spol. s r.o.","Slovenská republika","3280.00","23.00","4034.40","","False","False",
"Z2025239","2/3/2025 12:37:29 PM","50991698","T&J Invest s.r.o.","Slovenská republika","3250.00","23.00","3997.50","","False","False",
"Z2025239","2/3/2025 12:37:46 PM","36365645","Quatro print, spol. s r.o.","Slovenská republika","3248.00","23.00","3995.04","","False","False",
"Z2025239","2/3/2025 12:38:07 PM","50991698","T&J Invest s.r.o.","Slovenská republika","3200.00","23.00","3936.00","","False","False",
"Z2025239","2/3/2025 12:38:21 PM","36365645","Quatro print, spol. s r.o.","Slovenská republika","3199.00","23.00","3934.77","","False","False",
"Z2025239","2/3/2025 12:38:39 PM","50991698","T&J Invest s.r.o.","Slovenská republika","3150.00","23.00","3874.50","","False","False",
"Z2025239","2/3/2025 12:39:04 PM","36365645","Quatro print, spol. s r.o.","Slovenská republika","3149.00","23.00","3873.27","","False","False",
"Z2025239","2/3/2025 12:39:17 PM","50991698","T&J Invest s.r.o.","Slovenská republika","3000.00","23.00","3690.00","","False","False",
"Z2025239","2/3/2025 12:41:55 PM","36365645","Quatro print, spol. s r.o.","Slovenská republika","2999.00","23.00","3688.77","","False","False",
"Z2025239","2/3/2025 12:42:00 PM","43798608","nanoTECH s.r.o.","Slovenská republika","2990.00","23.00","3677.70","","False","False",
"Z2025239","2/3/2025 12:42:06 PM","50991698","T&J Invest s.r.o.","Slovenská republika","2900.00","23.00","3567.00","","False","False",
"Z2025239","2/3/2025 12:42:30 PM","36365645","Quatro print, spol. s r.o.","Slovenská republika","2899.00","23.00","3565.77","","False","False",
"Z2025239","2/3/2025 12:42:41 PM","50991698","T&J Invest s.r.o.","Slovenská republika","2800.00","23.00","3444.00","","False","False",
"Z2025239","2/3/2025 12:42:57 PM","36365645","Quatro print, spol. s r.o.","Slovenská republika","2799.00","23.00","3442.77","","False","False",
"Z2025239","2/3/2025 12:43:07 PM","50991698","T&J Invest s.r.o.","Slovenská republika","2700.00","23.00","3321.00","","False","False",
"Z2025239","2/3/2025 12:44:04 PM","36365645","Quatro print, spol. s r.o.","Slovenská republika","2699.00","23.00","3319.77","","False","False",
"Z2025239","2/3/2025 12:44:16 PM","50991698","T&J Invest s.r.o.","Slovenská republika","2650.00","23.00","3259.50","","False","False",
"Z2025239","2/3/2025 12:45:10 PM","36365645","Quatro print, spol. s r.o.","Slovenská republika","2649.00","23.00","3258.27","","False","False",
"Z2025239","2/3/2025 12:45:23 PM","50991698","T&J Invest s.r.o.","Slovenská republika","2550.00","23.00","3136.50","","False","False",
"Z2025239","2/3/2025 12:46:06 PM","36365645","Quatro print, spol. s r.o.","Slovenská republika","2549.00","23.00","3135.27","","False","False",
"Z2025239","2/3/2025 12:46:15 PM","50991698","T&J Invest s.r.o.","Slovenská republika","2500.00","23.00","3075.00","","False","False",
"Z2025239","2/3/2025 12:47:03 PM","36365645","Quatro print, spol. s r.o.","Slovenská republika","2449.00","23.00","3012.27","","False","False",
"Z2025239","2/3/2025 12:47:11 PM","50991698","T&J Invest s.r.o.","Slovenská republika","2400.00","23.00","2952.00","","False","False",
"Z2025239","2/3/2025 12:47:37 PM","36365645","Quatro print, spol. s r.o.","Slovenská republika","2399.00","23.00","2950.77","","False","False",
"Z2025239","2/3/2025 12:47:49 PM","50991698","T&J Invest s.r.o.","Slovenská republika","2350.00","23.00","2890.50","","False","False",
"Z2025239","2/3/2025 12:48:47 PM","36365645","Quatro print, spol. s r.o.","Slovenská republika","2349.00","23.00","2889.27","","False","False",
"Z2025239","2/3/2025 12:48:53 PM","43798608","nanoTECH s.r.o.","Slovenská republika","2340.00","23.00","2878.20","3","False","True",
"Z2025239","2/3/2025 12:48:54 PM","50991698","T&J Invest s.r.o.","Slovenská republika","2300.00","23.00","2829.00","","False","False",
"Z2025239","2/3/2025 12:50:00 PM","36365645","Quatro print, spol. s r.o.","Slovenská republika","2280.00","23.00","2804.40","","False","False",
"Z2025239","2/3/2025 12:50:08 PM","50991698","T&J Invest s.r.o.","Slovenská republika","2200.00","23.00","2706.00","","False","False",
"Z2025239","2/3/2025 12:51:52 PM","36365645","Quatro print, spol. s r.o.","Slovenská republika","2190.00","23.00","2693.70","2","False","True",
"Z2025239","2/3/2025 12:52:06 PM","50991698","T&J Invest s.r.o.","Slovenská republika","2150.00","23.00","2644.50","1","False","True",
"Z2025243","2/3/2025 7:16:15 AM","46729445","IGGY-TRADE s.r.o.","Slovenská republika","59799.00","23.00","73552.77","","True","False",
"Z2025243","2/3/2025 9:05:22 AM","60321482","DLF Seeds, s.r.o.","Česká republika","59798.00","0.00","59798.00","","True","False",
"Z2025243","2/3/2025 10:45:20 AM","46729445","IGGY-TRADE s.r.o.","Slovenská republika","59797.00","23.00","73550.31","","False","False",
"Z2025243","2/3/2025 10:47:11 AM","60321482","DLF Seeds, s.r.o.","Česká republika","59796.99","0.00","59796.99","","False","False",
"Z2025243","2/3/2025 10:54:25 AM","46729445","IGGY-TRADE s.r.o.","Slovenská republika","59796.00","23.00","73549.08","","False","False",
"Z2025243","2/3/2025 10:55:07 AM","60321482","DLF Seeds, s.r.o.","Česká republika","59795.99","0.00","59795.99","","False","False",
"Z2025243","2/3/2025 10:56:54 AM","52013260","LINDAX, s.r.o.","Slovenská republika","59000.00","0.00","59000.00","","False","False",
"Z2025243","2/3/2025 10:58:42 AM","46729445","IGGY-TRADE s.r.o.","Slovenská republika","58999.00","23.00","72568.77","","False","False",
"Z2025243","2/3/2025 11:00:42 AM","52013260","LINDAX, s.r.o.","Slovenská republika","58500.00","0.00","58500.00","","False","False",
"Z2025243","2/3/2025 11:01:10 AM","60321482","DLF Seeds, s.r.o.","Česká republika","58499.99","0.00","58499.99","","False","False",
"Z2025243","2/3/2025 11:01:34 AM","52013260","LINDAX, s.r.o.","Slovenská republika","58000.00","0.00","58000.00","","False","False",
"Z2025243","2/3/2025 11:02:05 AM","60321482","DLF Seeds, s.r.o.","Česká republika","57999.99","0.00","57999.99","","False","False",
"Z2025243","2/3/2025 11:02:25 AM","52013260","LINDAX, s.r.o.","Slovenská republika","57500.00","0.00","57500.00","","False","False",
"Z2025243","2/3/2025 11:02:42 AM","46729445","IGGY-TRADE s.r.o.","Slovenská republika","57499.00","23.00","70723.77","","False","False",
"Z2025243","2/3/2025 11:03:05 AM","60321482","DLF Seeds, s.r.o.","Česká republika","57498.99","0.00","57498.99","","False","False",
"Z2025243","2/3/2025 11:03:05 AM","52013260","LINDAX, s.r.o.","Slovenská republika","57000.00","0.00","57000.00","","False","False",
"Z2025243","2/3/2025 11:03:33 AM","60321482","DLF Seeds, s.r.o.","Česká republika","56999.99","0.00","56999.99","","False","False",
"Z2025243","2/3/2025 11:03:34 AM","46729445","IGGY-TRADE s.r.o.","Slovenská republika","56999.00","23.00","70108.77","","False","False",
"Z2025243","2/3/2025 11:03:56 AM","60321482","DLF Seeds, s.r.o.","Česká republika","56998.99","0.00","56998.99","","False","False",
"Z2025243","2/3/2025 11:04:25 AM","52013260","LINDAX, s.r.o.","Slovenská republika","56500.00","0.00","56500.00","","False","False",
"Z2025243","2/3/2025 11:04:46 AM","60321482","DLF Seeds, s.r.o.","Česká republika","56499.99","0.00","56499.99","","False","False",
"Z2025243","2/3/2025 11:04:47 AM","46729445","IGGY-TRADE s.r.o.","Slovenská republika","56499.00","23.00","69493.77","3","False","True",
"Z2025243","2/3/2025 11:05:05 AM","60321482","DLF Seeds, s.r.o.","Česká republika","56498.99","0.00","56498.99","","False","False",
"Z2025243","2/3/2025 11:05:20 AM","52013260","LINDAX, s.r.o.","Slovenská republika","56000.00","0.00","56000.00","","False","False",
"Z2025243","2/3/2025 11:05:39 AM","60321482","DLF Seeds, s.r.o.","Česká republika","55999.99","0.00","55999.99","","False","False",
"Z2025243","2/3/2025 11:06:02 AM","52013260","LINDAX, s.r.o.","Slovenská republika","55500.00","0.00","55500.00","","False","False",
"Z2025243","2/3/2025 11:07:17 AM","60321482","DLF Seeds, s.r.o.","Česká republika","55499.99","0.00","55499.99","","False","False",
"Z2025243","2/3/2025 11:07:36 AM","52013260","LINDAX, s.r.o.","Slovenská republika","55000.00","0.00","55000.00","","False","False",
"Z2025243","2/3/2025 11:08:00 AM","60321482","DLF Seeds, s.r.o.","Česká republika","54999.99","0.00","54999.99","","False","False",
"Z2025243","2/3/2025 11:08:25 AM","52013260","LINDAX, s.r.o.","Slovenská republika","54500.00","0.00","54500.00","2","False","True",
"Z2025243","2/3/2025 11:09:24 AM","60321482","DLF Seeds, s.r.o.","Česká republika","54499.99","0.00","54499.99","1","False","True",
"Z2025252","2/1/2025 3:12:47 PM","31347525","MAJSTER PAPIER, s.r.o.","Slovenská republika","554.99","23.00","682.64","1","True","True",
"Z2025252","2/3/2025 6:56:15 AM","47635843","EKO Servis SK s.r.o.","Slovenská republika","569.10","23.00","699.99","3","True","True",
"Z2025254","2/2/2025 4:32:33 PM","31720943","Steeling, s.r.o.","Slovenská republika","1420.00","23.00","1746.60","1","True","True",
"Z2025256","2/3/2025 7:57:12 AM","56402163","Thein Slovakia, s. r. o.","Slovenská republika","313.00","23.00","384.99","4","True","True",
"Z2025256","2/3/2025 10:29:16 AM","35891866","CLEAN TONERY, s.r.o.","Slovenská republika","310.00","23.00","381.30","","True","False",
"Z2025256","2/3/2025 11:20:24 AM","51261171","DC Sielnica, n. o., „r. s. p.“","Slovenská republika","362.86","5.00","381.00","","False","False",
"Z2025256","2/3/2025 11:28:32 AM","35891866","CLEAN TONERY, s.r.o.","Slovenská republika","308.94","23.00","380.00","","False","False",
"Z2025256","2/3/2025 11:29:23 AM","51261171","DC Sielnica, n. o., „r. s. p.“","Slovenská republika","357.14","5.00","375.00","","False","False",
"Z2025256","2/3/2025 11:29:52 AM","31344194","JURIGA spol. s r. o.","Slovenská republika","304.07","23.00","374.00","","False","False",
"Z2025256","2/3/2025 11:30:18 AM","35891866","CLEAN TONERY, s.r.o.","Slovenská republika","303.25","23.00","373.00","","False","False",
"Z2025256","2/3/2025 11:30:38 AM","51261171","DC Sielnica, n. o., „r. s. p.“","Slovenská republika","352.38","5.00","370.00","","False","False",
"Z2025256","2/3/2025 11:31:12 AM","31344194","JURIGA spol. s r. o.","Slovenská republika","300.73","23.00","369.90","","False","False",
"Z2025256","2/3/2025 11:31:14 AM","35891866","CLEAN TONERY, s.r.o.","Slovenská republika","296.75","23.00","365.00","","False","False",
"Z2025256","2/3/2025 11:32:56 AM","31344194","JURIGA spol. s r. o.","Slovenská republika","296.67","23.00","364.90","","False","False",
"Z2025256","2/3/2025 11:33:03 AM","35891866","CLEAN TONERY, s.r.o.","Slovenská republika","292.68","23.00","360.00","","False","False",
"Z2025256","2/3/2025 11:34:58 AM","31344194","JURIGA spol. s r. o.","Slovenská republika","292.60","23.00","359.90","","False","False",
"Z2025256","2/3/2025 11:35:29 AM","35891866","CLEAN TONERY, s.r.o.","Slovenská republika","288.62","23.00","355.00","","False","False",
"Z2025256","2/3/2025 11:35:44 AM","51261171","DC Sielnica, n. o., „r. s. p.“","Slovenská republika","333.33","5.00","350.00","","False","False",
"Z2025256","2/3/2025 11:36:06 AM","35891866","CLEAN TONERY, s.r.o.","Slovenská republika","280.49","23.00","345.00","","False","False",
"Z2025256","2/3/2025 11:36:20 AM","51261171","DC Sielnica, n. o., „r. s. p.“","Slovenská republika","323.81","5.00","340.00","","False","False",
"Z2025256","2/3/2025 11:36:45 AM","35891866","CLEAN TONERY, s.r.o.","Slovenská republika","275.61","23.00","339.00","3","False","True",
"Z2025256","2/3/2025 11:37:00 AM","51261171","DC Sielnica, n. o., „r. s. p.“","Slovenská republika","319.05","5.00","335.00","","False","False",
"Z2025256","2/3/2025 11:37:23 AM","31344194","JURIGA spol. s r. o.","Slovenská republika","272.28","23.00","334.90","","False","False",
"Z2025256","2/3/2025 11:40:57 AM","51261171","DC Sielnica, n. o., „r. s. p.“","Slovenská republika","317.14","5.00","333.00","","False","False",
"Z2025256","2/3/2025 11:41:18 AM","31344194","JURIGA spol. s r. o.","Slovenská republika","270.65","23.00","332.90","","False","False",
"Z2025256","2/3/2025 11:41:32 AM","51261171","DC Sielnica, n. o., „r. s. p.“","Slovenská republika","314.29","5.00","330.00","","False","False",
"Z2025256","2/3/2025 11:41:54 AM","31344194","JURIGA spol. s r. o.","Slovenská republika","268.21","23.00","329.90","","False","False",
"Z2025256","2/3/2025 11:42:08 AM","51261171","DC Sielnica, n. o., „r. s. p.“","Slovenská republika","312.38","5.00","328.00","","False","False",
"Z2025256","2/3/2025 11:42:35 AM","31344194","JURIGA spol. s r. o.","Slovenská republika","266.59","23.00","327.90","","False","False",
"Z2025256","2/3/2025 11:43:53 AM","51261171","DC Sielnica, n. o., „r. s. p.“","Slovenská republika","309.52","5.00","325.00","","False","False",
"Z2025256","2/3/2025 11:44:58 AM","31344194","JURIGA spol. s r. o.","Slovenská republika","264.15","23.00","324.90","","False","False",
"Z2025256","2/3/2025 11:45:13 AM","51261171","DC Sielnica, n. o., „r. s. p.“","Slovenská republika","304.76","5.00","320.00","","False","False",
"Z2025256","2/3/2025 11:45:35 AM","31344194","JURIGA spol. s r. o.","Slovenská republika","260.08","23.00","319.90","","False","False",
"Z2025256","2/3/2025 11:45:57 AM","51261171","DC Sielnica, n. o., „r. s. p.“","Slovenská republika","300.00","5.00","315.00","","False","False",
"Z2025256","2/3/2025 11:46:58 AM","31344194","JURIGA spol. s r. o.","Slovenská republika","256.02","23.00","314.90","","False","False",
"Z2025256","2/3/2025 11:47:01 AM","51261171","DC Sielnica, n. o., „r. s. p.“","Slovenská republika","298.10","5.00","313.00","","False","False",
"Z2025256","2/3/2025 11:47:25 AM","31344194","JURIGA spol. s r. o.","Slovenská republika","254.46","23.00","312.99","","False","False",
"Z2025256","2/3/2025 11:48:28 AM","51261171","DC Sielnica, n. o., „r. s. p.“","Slovenská republika","295.24","5.00","310.00","","False","False",
"Z2025256","2/3/2025 11:48:58 AM","31344194","JURIGA spol. s r. o.","Slovenská republika","252.02","23.00","309.99","2","False","True",
"Z2025256","2/3/2025 11:49:31 AM","51261171","DC Sielnica, n. o., „r. s. p.“","Slovenská republika","292.38","5.00","307.00","1","False","True",
"Z2025257","2/3/2025 7:52:45 AM","56402163","Thein Slovakia, s. r. o.","Slovenská republika","403.00","23.00","495.69","5","True","True",
"Z2025257","2/3/2025 10:30:31 AM","35891866","CLEAN TONERY, s.r.o.","Slovenská republika","403.20","23.00","495.94","","True","False",
"Z2025257","2/3/2025 1:16:57 PM","50242997","RENTON SK s.r.o.","Slovenská republika","493.20","0.00","493.20","","False","False",
"Z2025257","2/3/2025 1:18:01 PM","51261171","DC Sielnica, n. o., „r. s. p.“","Slovenská republika","469.52","5.00","493.00","","False","False",
"Z2025257","2/3/2025 1:18:09 PM","35891866","CLEAN TONERY, s.r.o.","Slovenská republika","398.37","23.00","490.00","","False","False",
"Z2025257","2/3/2025 1:18:21 PM","51261171","DC Sielnica, n. o., „r. s. p.“","Slovenská republika","457.14","5.00","480.00","","False","False",
"Z2025257","2/3/2025 1:18:54 PM","50242997","RENTON SK s.r.o.","Slovenská republika","479.00","0.00","479.00","3","False","True",
"Z2025257","2/3/2025 1:23:00 PM","35891866","CLEAN TONERY, s.r.o.","Slovenská republika","386.18","23.00","475.00","","False","False",
"Z2025257","2/3/2025 1:32:58 PM","51261171","DC Sielnica, n. o., „r. s. p.“","Slovenská republika","447.62","5.00","470.00","","False","False",
"Z2025257","2/3/2025 1:33:15 PM","35891866","CLEAN TONERY, s.r.o.","Slovenská republika","381.30","23.00","469.00","","False","False",
"Z2025257","2/3/2025 1:36:04 PM","51261171","DC Sielnica, n. o., „r. s. p.“","Slovenská republika","442.86","5.00","465.00","","False","False",
"Z2025257","2/3/2025 1:36:44 PM","35891866","CLEAN TONERY, s.r.o.","Slovenská republika","376.42","23.00","463.00","","False","False",
"Z2025257","2/3/2025 1:37:49 PM","51261171","DC Sielnica, n. o., „r. s. p.“","Slovenská republika","438.10","5.00","460.00","","False","False",
"Z2025257","2/3/2025 1:38:30 PM","35891866","CLEAN TONERY, s.r.o.","Slovenská republika","373.17","23.00","459.00","","False","False",
"Z2025257","2/3/2025 1:39:44 PM","51261171","DC Sielnica, n. o., „r. s. p.“","Slovenská republika","433.33","5.00","455.00","","False","False",
"Z2025257","2/3/2025 1:39:57 PM","35891866","CLEAN TONERY, s.r.o.","Slovenská republika","369.11","23.00","454.00","","False","False",
"Z2025257","2/3/2025 1:42:03 PM","51261171","DC Sielnica, n. o., „r. s. p.“","Slovenská republika","428.57","5.00","450.00","","False","False",
"Z2025257","2/3/2025 1:43:02 PM","35891866","CLEAN TONERY, s.r.o.","Slovenská republika","365.04","23.00","449.00","","False","False",
"Z2025257","2/3/2025 1:44:57 PM","51261171","DC Sielnica, n. o., „r. s. p.“","Slovenská republika","426.67","5.00","448.00","","False","False",
"Z2025257","2/3/2025 1:45:06 PM","35891866","CLEAN TONERY, s.r.o.","Slovenská republika","361.79","23.00","445.00","2","False","True",
"Z2025257","2/3/2025 1:48:57 PM","51261171","DC Sielnica, n. o., „r. s. p.“","Slovenská republika","422.86","5.00","444.00","1","False","True",
"Z2025262","2/3/2025 11:26:03 AM","35908076","VICOM  s.r.o.","Slovenská republika","3902.44","23.00","4800.00","3","True","True",
"Z2025262","2/3/2025 11:54:49 AM","52406679","Ltd Trade s. r. o.","Slovenská republika","3901.62","23.00","4798.99","","True","False",
"Z2025262","2/3/2025 12:15:29 PM","31628605","Xepap, spol. s r. o.","Slovenská republika","3900.81","23.00","4798.00","","False","False",
"Z2025262","2/3/2025 12:31:58 PM","52406679","Ltd Trade s. r. o.","Slovenská republika","3900.00","23.00","4797.00","","False","False",
"Z2025262","2/3/2025 12:32:11 PM","31628605","Xepap, spol. s r. o.","Slovenská republika","3898.37","23.00","4795.00","","False","False",
"Z2025262","2/3/2025 12:32:33 PM","52406679","Ltd Trade s. r. o.","Slovenská republika","3897.56","23.00","4794.00","","False","False",
"Z2025262","2/3/2025 12:33:13 PM","31628605","Xepap, spol. s r. o.","Slovenská republika","3894.31","23.00","4790.00","","False","False",
"Z2025262","2/3/2025 12:33:41 PM","52406679","Ltd Trade s. r. o.","Slovenská republika","3893.50","23.00","4789.00","","False","False",
"Z2025262","2/3/2025 12:34:01 PM","31628605","Xepap, spol. s r. o.","Slovenská republika","3890.24","23.00","4785.00","","False","False",
"Z2025262","2/3/2025 12:35:09 PM","52406679","Ltd Trade s. r. o.","Slovenská republika","3889.43","23.00","4784.00","","False","False",
"Z2025262","2/3/2025 12:35:26 PM","31628605","Xepap, spol. s r. o.","Slovenská republika","3886.18","23.00","4780.00","","False","False",
"Z2025262","2/3/2025 12:35:30 PM","52406679","Ltd Trade s. r. o.","Slovenská republika","3885.37","23.00","4779.00","","False","False",
"Z2025262","2/3/2025 12:36:04 PM","31628605","Xepap, spol. s r. o.","Slovenská republika","3882.11","23.00","4775.00","","False","False",
"Z2025262","2/3/2025 12:37:36 PM","52406679","Ltd Trade s. r. o.","Slovenská republika","3881.30","23.00","4774.00","","False","False",
"Z2025262","2/3/2025 12:37:54 PM","31628605","Xepap, spol. s r. o.","Slovenská republika","3878.05","23.00","4770.00","","False","False",
"Z2025262","2/3/2025 12:37:57 PM","52406679","Ltd Trade s. r. o.","Slovenská republika","3877.24","23.00","4769.00","","False","False",
"Z2025262","2/3/2025 12:38:36 PM","31628605","Xepap, spol. s r. o.","Slovenská republika","3869.92","23.00","4760.00","","False","False",
"Z2025262","2/3/2025 12:39:00 PM","52406679","Ltd Trade s. r. o.","Slovenská republika","3869.11","23.00","4759.00","","False","False",
"Z2025262","2/3/2025 12:39:24 PM","31628605","Xepap, spol. s r. o.","Slovenská republika","3865.85","23.00","4755.00","","False","False",
"Z2025262","2/3/2025 12:39:43 PM","52406679","Ltd Trade s. r. o.","Slovenská republika","3865.04","23.00","4754.00","","False","False",
"Z2025262","2/3/2025 12:40:00 PM","31628605","Xepap, spol. s r. o.","Slovenská republika","3861.79","23.00","4750.00","","False","False",
"Z2025262","2/3/2025 12:41:20 PM","52406679","Ltd Trade s. r. o.","Slovenská republika","3860.98","23.00","4749.00","","False","False",
"Z2025262","2/3/2025 12:41:32 PM","31628605","Xepap, spol. s r. o.","Slovenská republika","3853.66","23.00","4740.00","","False","False",
"Z2025262","2/3/2025 12:41:58 PM","52406679","Ltd Trade s. r. o.","Slovenská republika","3852.85","23.00","4739.00","","False","False",
"Z2025262","2/3/2025 12:42:10 PM","31628605","Xepap, spol. s r. o.","Slovenská republika","3841.46","23.00","4725.00","","False","False",
"Z2025262","2/3/2025 12:42:38 PM","52406679","Ltd Trade s. r. o.","Slovenská republika","3840.65","23.00","4724.00","","False","False",
"Z2025262","2/3/2025 12:42:55 PM","31628605","Xepap, spol. s r. o.","Slovenská republika","3821.14","23.00","4700.00","","False","False",
"Z2025262","2/3/2025 12:44:23 PM","52406679","Ltd Trade s. r. o.","Slovenská republika","3820.33","23.00","4699.00","","False","False",
"Z2025262","2/3/2025 12:44:40 PM","31628605","Xepap, spol. s r. o.","Slovenská republika","3813.01","23.00","4690.00","","False","False",
"Z2025262","2/3/2025 12:46:38 PM","52406679","Ltd Trade s. r. o.","Slovenská republika","3812.20","23.00","4689.00","","False","False",
"Z2025262","2/3/2025 12:47:00 PM","31628605","Xepap, spol. s r. o.","Slovenská republika","3804.88","23.00","4680.00","","False","False",
"Z2025262","2/3/2025 12:48:57 PM","52406679","Ltd Trade s. r. o.","Slovenská republika","3804.07","23.00","4679.00","","False","False",
"Z2025262","2/3/2025 12:49:10 PM","31628605","Xepap, spol. s r. o.","Slovenská republika","3780.49","23.00","4650.00","","False","False",
"Z2025262","2/3/2025 12:50:15 PM","52406679","Ltd Trade s. r. o.","Slovenská republika","3779.67","23.00","4649.00","","False","False",
"Z2025262","2/3/2025 12:50:26 PM","31628605","Xepap, spol. s r. o.","Slovenská republika","3756.10","23.00","4620.00","","False","False",
"Z2025262","2/3/2025 12:51:01 PM","52406679","Ltd Trade s. r. o.","Slovenská republika","3577.24","23.00","4400.00","","False","False",
"Z2025262","2/3/2025 12:51:14 PM","31628605","Xepap, spol. s r. o.","Slovenská republika","3560.98","23.00","4380.00","","False","False",
"Z2025262","2/3/2025 12:51:31 PM","52406679","Ltd Trade s. r. o.","Slovenská republika","3495.93","23.00","4300.00","","False","False",
"Z2025262","2/3/2025 12:51:50 PM","31628605","Xepap, spol. s r. o.","Slovenská republika","3483.74","23.00","4285.00","","False","False",
"Z2025262","2/3/2025 12:52:00 PM","52406679","Ltd Trade s. r. o.","Slovenská republika","3414.63","23.00","4200.00","","False","False",
"Z2025262","2/3/2025 12:52:12 PM","31628605","Xepap, spol. s r. o.","Slovenská republika","3406.50","23.00","4190.00","","False","False",
"Z2025262","2/3/2025 12:52:34 PM","52406679","Ltd Trade s. r. o.","Slovenská republika","3333.33","23.00","4100.00","","False","False",
"Z2025262","2/3/2025 12:52:46 PM","31628605","Xepap, spol. s r. o.","Slovenská republika","3329.27","23.00","4095.00","","False","False",
"Z2025262","2/3/2025 12:53:06 PM","52406679","Ltd Trade s. r. o.","Slovenská republika","3252.03","23.00","4000.00","","False","False",
"Z2025262","2/3/2025 12:53:18 PM","31628605","Xepap, spol. s r. o.","Slovenská republika","3243.90","23.00","3990.00","","False","False",
"Z2025262","2/3/2025 12:53:35 PM","52406679","Ltd Trade s. r. o.","Slovenská republika","3170.73","23.00","3900.00","","False","False",
"Z2025262","2/3/2025 12:53:47 PM","31628605","Xepap, spol. s r. o.","Slovenská republika","3162.60","23.00","3890.00","","False","False",
"Z2025262","2/3/2025 12:54:18 PM","52406679","Ltd Trade s. r. o.","Slovenská republika","3161.79","23.00","3889.00","","False","False",
"Z2025262","2/3/2025 12:54:30 PM","31628605","Xepap, spol. s r. o.","Slovenská republika","3154.47","23.00","3880.00","","False","False",
"Z2025262","2/3/2025 12:57:01 PM","52406679","Ltd Trade s. r. o.","Slovenská republika","3153.66","23.00","3879.00","","False","False",
"Z2025262","2/3/2025 12:57:13 PM","31628605","Xepap, spol. s r. o.","Slovenská republika","3130.08","23.00","3850.00","","False","False",
"Z2025262","2/3/2025 12:58:53 PM","52406679","Ltd Trade s. r. o.","Slovenská republika","3129.27","23.00","3849.00","","False","False",
"Z2025262","2/3/2025 12:59:08 PM","31628605","Xepap, spol. s r. o.","Slovenská republika","3105.69","23.00","3820.00","","False","False",
"Z2025262","2/3/2025 1:00:05 PM","52406679","Ltd Trade s. r. o.","Slovenská republika","3104.88","23.00","3819.00","","False","False",
"Z2025262","2/3/2025 1:00:17 PM","31628605","Xepap, spol. s r. o.","Slovenská republika","3089.43","23.00","3800.00","","False","False",
"Z2025262","2/3/2025 1:02:55 PM","52406679","Ltd Trade s. r. o.","Slovenská republika","3088.62","23.00","3799.00","","False","False",
"Z2025262","2/3/2025 1:03:10 PM","31628605","Xepap, spol. s r. o.","Slovenská republika","3077.24","23.00","3785.00","","False","False",
"Z2025262","2/3/2025 1:04:37 PM","52406679","Ltd Trade s. r. o.","Slovenská republika","3076.42","23.00","3784.00","","False","False",
"Z2025262","2/3/2025 1:04:55 PM","31628605","Xepap, spol. s r. o.","Slovenská republika","3048.78","23.00","3750.00","","False","False",
"Z2025262","2/3/2025 1:05:54 PM","52406679","Ltd Trade s. r. o.","Slovenská republika","3047.97","23.00","3749.00","","False","False",
"Z2025262","2/3/2025 1:06:09 PM","31628605","Xepap, spol. s r. o.","Slovenská republika","3008.13","23.00","3700.00","","False","False",
"Z2025262","2/3/2025 1:07:58 PM","52406679","Ltd Trade s. r. o.","Slovenská republika","3007.32","23.00","3699.00","","False","False",
"Z2025262","2/3/2025 1:08:15 PM","31628605","Xepap, spol. s r. o.","Slovenská republika","2971.54","23.00","3655.00","","False","False",
"Z2025262","2/3/2025 1:09:57 PM","52406679","Ltd Trade s. r. o.","Slovenská republika","2970.73","23.00","3654.00","","False","False",
"Z2025262","2/3/2025 1:10:13 PM","31628605","Xepap, spol. s r. o.","Slovenská republika","2943.09","23.00","3620.00","","False","False",
"Z2025262","2/3/2025 1:11:59 PM","52406679","Ltd Trade s. r. o.","Slovenská republika","2942.28","23.00","3619.00","","False","False",
"Z2025262","2/3/2025 1:12:17 PM","31628605","Xepap, spol. s r. o.","Slovenská republika","2926.83","23.00","3600.00","","False","False",
"Z2025262","2/3/2025 1:13:58 PM","52406679","Ltd Trade s. r. o.","Slovenská republika","2926.02","23.00","3599.00","","False","False",
"Z2025262","2/3/2025 1:14:15 PM","31628605","Xepap, spol. s r. o.","Slovenská republika","2890.24","23.00","3555.00","","False","False",
"Z2025262","2/3/2025 1:15:59 PM","52406679","Ltd Trade s. r. o.","Slovenská republika","2889.43","23.00","3554.00","","False","False",
"Z2025262","2/3/2025 1:16:19 PM","31628605","Xepap, spol. s r. o.","Slovenská republika","2886.18","23.00","3550.00","","False","False",
"Z2025262","2/3/2025 1:17:59 PM","52406679","Ltd Trade s. r. o.","Slovenská republika","2885.37","23.00","3549.00","","False","False",
"Z2025262","2/3/2025 1:18:16 PM","31628605","Xepap, spol. s r. o.","Slovenská republika","2869.92","23.00","3530.00","","False","False",
"Z2025262","2/3/2025 1:19:58 PM","52406679","Ltd Trade s. r. o.","Slovenská republika","2869.11","23.00","3529.00","","False","False",
"Z2025262","2/3/2025 1:20:18 PM","31628605","Xepap, spol. s r. o.","Slovenská republika","2845.53","23.00","3500.00","","False","False",
"Z2025262","2/3/2025 1:21:58 PM","52406679","Ltd Trade s. r. o.","Slovenská republika","2844.72","23.00","3499.00","","False","False",
"Z2025262","2/3/2025 1:22:18 PM","31628605","Xepap, spol. s r. o.","Slovenská republika","2825.20","23.00","3475.00","","False","False",
"Z2025262","2/3/2025 1:23:58 PM","52406679","Ltd Trade s. r. o.","Slovenská republika","2824.39","23.00","3474.00","","False","False",
"Z2025262","2/3/2025 1:24:15 PM","31628605","Xepap, spol. s r. o.","Slovenská republika","2804.88","23.00","3450.00","","False","False",
"Z2025262","2/3/2025 1:25:58 PM","52406679","Ltd Trade s. r. o.","Slovenská republika","2804.07","23.00","3449.00","","False","False",
"Z2025262","2/3/2025 1:26:16 PM","31628605","Xepap, spol. s r. o.","Slovenská republika","2788.62","23.00","3430.00","","False","False",
"Z2025262","2/3/2025 1:27:58 PM","52406679","Ltd Trade s. r. o.","Slovenská republika","2787.80","23.00","3429.00","","False","False",
"Z2025262","2/3/2025 1:28:15 PM","31628605","Xepap, spol. s r. o.","Slovenská republika","2786.99","23.00","3428.00","","False","False",
"Z2025262","2/3/2025 1:29:59 PM","52406679","Ltd Trade s. r. o.","Slovenská republika","2786.18","23.00","3427.00","","False","False",
"Z2025262","2/3/2025 1:31:07 PM","31628605","Xepap, spol. s r. o.","Slovenská republika","2785.37","23.00","3426.00","","False","False",
"Z2025262","2/3/2025 1:31:59 PM","52406679","Ltd Trade s. r. o.","Slovenská republika","2784.55","23.00","3425.00","","False","False",
"Z2025262","2/3/2025 1:32:18 PM","31628605","Xepap, spol. s r. o.","Slovenská republika","2780.49","23.00","3420.00","","False","False",
"Z2025262","2/3/2025 1:33:59 PM","52406679","Ltd Trade s. r. o.","Slovenská republika","2779.67","23.00","3419.00","","False","False",
"Z2025262","2/3/2025 1:34:12 PM","31628605","Xepap, spol. s r. o.","Slovenská republika","2764.23","23.00","3400.00","","False","False",
"Z2025262","2/3/2025 1:35:58 PM","52406679","Ltd Trade s. r. o.","Slovenská republika","2763.41","23.00","3399.00","","False","False",
"Z2025262","2/3/2025 1:36:14 PM","31628605","Xepap, spol. s r. o.","Slovenská republika","2756.10","23.00","3390.00","","False","False",
"Z2025262","2/3/2025 1:37:59 PM","52406679","Ltd Trade s. r. o.","Slovenská republika","2755.28","23.00","3389.00","","False","False",
"Z2025262","2/3/2025 1:38:24 PM","31628605","Xepap, spol. s r. o.","Slovenská republika","2752.03","23.00","3385.00","","False","False",
"Z2025262","2/3/2025 1:39:58 PM","52406679","Ltd Trade s. r. o.","Slovenská republika","2751.22","23.00","3384.00","","False","False",
"Z2025262","2/3/2025 1:40:21 PM","31628605","Xepap, spol. s r. o.","Slovenská republika","2747.97","23.00","3380.00","","False","False",
"Z2025262","2/3/2025 1:41:59 PM","52406679","Ltd Trade s. r. o.","Slovenská republika","2747.15","23.00","3379.00","","False","False",
"Z2025262","2/3/2025 1:42:27 PM","31628605","Xepap, spol. s r. o.","Slovenská republika","2739.84","23.00","3370.00","","False","False",
"Z2025262","2/3/2025 1:43:59 PM","52406679","Ltd Trade s. r. o.","Slovenská republika","2739.02","23.00","3369.00","","False","False",
"Z2025262","2/3/2025 1:44:20 PM","31628605","Xepap, spol. s r. o.","Slovenská republika","2723.58","23.00","3350.00","","False","False",
"Z2025262","2/3/2025 1:45:59 PM","52406679","Ltd Trade s. r. o.","Slovenská republika","2722.76","23.00","3349.00","","False","False",
"Z2025262","2/3/2025 1:46:15 PM","31628605","Xepap, spol. s r. o.","Slovenská republika","2682.93","23.00","3300.00","","False","False",
"Z2025262","2/3/2025 1:47:59 PM","52406679","Ltd Trade s. r. o.","Slovenská republika","2682.11","23.00","3299.00","","False","False",
"Z2025262","2/3/2025 1:48:10 PM","31628605","Xepap, spol. s r. o.","Slovenská republika","2601.63","23.00","3200.00","","False","False",
"Z2025262","2/3/2025 1:49:59 PM","52406679","Ltd Trade s. r. o.","Slovenská republika","2600.81","23.00","3199.00","","False","False",
"Z2025262","2/3/2025 1:50:15 PM","31628605","Xepap, spol. s r. o.","Slovenská republika","2520.33","23.00","3100.00","","False","False",
"Z2025262","2/3/2025 1:51:59 PM","52406679","Ltd Trade s. r. o.","Slovenská republika","2519.51","23.00","3099.00","","False","False",
"Z2025262","2/3/2025 1:52:10 PM","31628605","Xepap, spol. s r. o.","Slovenská republika","2439.02","23.00","3000.00","","False","False",
"Z2025262","2/3/2025 1:53:59 PM","52406679","Ltd Trade s. r. o.","Slovenská republika","2438.21","23.00","2999.00","","False","False",
"Z2025262","2/3/2025 1:54:12 PM","31628605","Xepap, spol. s r. o.","Slovenská republika","2357.72","23.00","2900.00","","False","False",
"Z2025262","2/3/2025 1:55:59 PM","52406679","Ltd Trade s. r. o.","Slovenská republika","2356.91","23.00","2899.00","","False","False",
"Z2025262","2/3/2025 1:56:10 PM","31628605","Xepap, spol. s r. o.","Slovenská republika","2276.42","23.00","2800.00","","False","False",
"Z2025262","2/3/2025 1:57:59 PM","52406679","Ltd Trade s. r. o.","Slovenská republika","2275.61","23.00","2799.00","","False","False",
"Z2025262","2/3/2025 1:58:10 PM","31628605","Xepap, spol. s r. o.","Slovenská republika","2195.12","23.00","2700.00","","False","False",
"Z2025262","2/3/2025 2:01:59 PM","52406679","Ltd Trade s. r. o.","Slovenská republika","2194.31","23.00","2699.00","","False","False",
"Z2025262","2/3/2025 2:02:11 PM","31628605","Xepap, spol. s r. o.","Slovenská republika","2113.82","23.00","2600.00","","False","False",
"Z2025262","2/3/2025 2:03:59 PM","52406679","Ltd Trade s. r. o.","Slovenská republika","2113.01","23.00","2599.00","","False","False",
"Z2025262","2/3/2025 2:04:13 PM","31628605","Xepap, spol. s r. o.","Slovenská republika","2032.52","23.00","2500.00","","False","False",
"Z2025262","2/3/2025 2:05:59 PM","52406679","Ltd Trade s. r. o.","Slovenská republika","2031.71","23.00","2499.00","","False","False",
"Z2025262","2/3/2025 2:06:19 PM","31628605","Xepap, spol. s r. o.","Slovenská republika","1951.22","23.00","2400.00","","False","False",
"Z2025262","2/3/2025 2:09:56 PM","52406679","Ltd Trade s. r. o.","Slovenská republika","1950.41","23.00","2399.00","2","False","True",
"Z2025262","2/3/2025 2:10:16 PM","31628605","Xepap, spol. s r. o.","Slovenská republika","1869.92","23.00","2300.00","1","False","True",
"Z2025263","2/3/2025 7:48:59 AM","56402163","Thein Slovakia, s. r. o.","Slovenská republika","131.36","23.00","161.57","5","True","True",
"Z2025263","2/3/2025 8:18:42 AM","35891866","CLEAN TONERY, s.r.o.","Slovenská republika","131.20","23.00","161.38","","True","False",
"Z2025263","2/3/2025 8:59:22 AM","36556050","ITSK, s.r.o.","Slovenská republika","131.31","20.00","157.57","4","True","True",
"Z2025263","2/3/2025 9:18:08 AM","35891866","CLEAN TONERY, s.r.o.","Slovenská republika","130.00","23.00","159.90","","False","False",
"Z2025263","2/3/2025 9:18:20 AM","31648410","elfa, s.r.o.","Slovenská republika","128.00","23.00","157.44","","False","False",
"Z2025263","2/3/2025 9:18:46 AM","35891866","CLEAN TONERY, s.r.o.","Slovenská republika","127.00","23.00","156.21","","False","False",
"Z2025263","2/3/2025 9:19:29 AM","31586457","CINEMA + spol. s r.o. ","Slovenská republika","125.00","23.00","153.75","","False","False",
"Z2025263","2/3/2025 9:19:46 AM","35891866","CLEAN TONERY, s.r.o.","Slovenská republika","123.00","23.00","151.29","3","False","True",
"Z2025263","2/3/2025 9:19:59 AM","31586457","CINEMA + spol. s r.o. ","Slovenská republika","120.00","23.00","147.60","","False","False",
"Z2025263","2/3/2025 9:20:26 AM","31648410","elfa, s.r.o.","Slovenská republika","118.00","23.00","145.14","","False","False",
"Z2025263","2/3/2025 9:32:59 AM","31586457","CINEMA + spol. s r.o. ","Slovenská republika","117.00","23.00","143.91","","False","False",
"Z2025263","2/3/2025 9:33:11 AM","31648410","elfa, s.r.o.","Slovenská republika","115.00","23.00","141.45","","False","False",
"Z2025263","2/3/2025 9:34:59 AM","31586457","CINEMA + spol. s r.o. ","Slovenská republika","114.00","23.00","140.22","","False","False",
"Z2025263","2/3/2025 9:35:10 AM","31648410","elfa, s.r.o.","Slovenská republika","113.00","23.00","138.99","","False","False",
"Z2025263","2/3/2025 9:38:54 AM","31586457","CINEMA + spol. s r.o. ","Slovenská republika","112.00","23.00","137.76","","False","False",
"Z2025263","2/3/2025 9:39:07 AM","31648410","elfa, s.r.o.","Slovenská republika","111.00","23.00","136.53","","False","False",
"Z2025263","2/3/2025 9:42:54 AM","31586457","CINEMA + spol. s r.o. ","Slovenská republika","110.00","23.00","135.30","","False","False",
"Z2025263","2/3/2025 9:43:38 AM","31648410","elfa, s.r.o.","Slovenská republika","109.00","23.00","134.07","","False","False",
"Z2025263","2/3/2025 9:46:54 AM","31586457","CINEMA + spol. s r.o. ","Slovenská republika","108.00","23.00","132.84","","False","False",
"Z2025263","2/3/2025 9:47:06 AM","31648410","elfa, s.r.o.","Slovenská republika","107.00","23.00","131.61","","False","False",
"Z2025263","2/3/2025 9:50:54 AM","31586457","CINEMA + spol. s r.o. ","Slovenská republika","105.00","23.00","129.15","","False","False",
"Z2025263","2/3/2025 9:51:06 AM","31648410","elfa, s.r.o.","Slovenská republika","104.00","23.00","127.92","","False","False",
"Z2025263","2/3/2025 9:54:54 AM","31586457","CINEMA + spol. s r.o. ","Slovenská republika","102.00","23.00","125.46","","False","False",
"Z2025263","2/3/2025 9:55:06 AM","31648410","elfa, s.r.o.","Slovenská republika","100.00","23.00","123.00","","False","False",
"Z2025263","2/3/2025 9:58:54 AM","31586457","CINEMA + spol. s r.o. ","Slovenská republika","98.00","23.00","120.54","","False","False",
"Z2025263","2/3/2025 9:59:06 AM","31648410","elfa, s.r.o.","Slovenská republika","97.00","23.00","119.31","","False","False",
"Z2025263","2/3/2025 9:59:25 AM","31586457","CINEMA + spol. s r.o. ","Slovenská republika","96.00","23.00","118.08","2","False","True",
"Z2025263","2/3/2025 9:59:40 AM","31648410","elfa, s.r.o.","Slovenská republika","95.00","23.00","116.85","1","False","True",
"Z2025264","2/3/2025 10:17:01 AM","11943254","Ing. Martin Fuchsberger - ECOMED","Slovenská republika","1760.00","20.00","2112.00","","False","False",
"Z2025264","2/3/2025 10:19:09 AM","31398294","KVANT spol. s r.o.","Slovenská republika","1750.00","23.00","2152.50","","False","False",
"Z2025264","2/3/2025 10:20:06 AM","11943254","Ing. Martin Fuchsberger - ECOMED","Slovenská republika","1700.00","20.00","2040.00","","False","False",
"Z2025264","2/3/2025 10:21:56 AM","31398294","KVANT spol. s r.o.","Slovenská republika","1695.00","23.00","2084.85","2","False","True",
"Z2025264","2/3/2025 10:22:15 AM","11943254","Ing. Martin Fuchsberger - ECOMED","Slovenská republika","1680.00","20.00","2016.00","1","False","True",
"Z2025266","2/2/2025 4:33:47 PM","31720943","Steeling, s.r.o.","Slovenská republika","2070.00","23.00","2546.10","1","True","True",
"Z2025267","2/2/2025 4:34:55 PM","31720943","Steeling, s.r.o.","Slovenská republika","3290.00","23.00","4046.70","1","True","True",
